"","LANGUAGE","GEN_0","GEN_1","SET","TYPE"
"1","Bit",0.0909090909090909,1,"kinbank","kinbank"
"2","O_du",0.0909090909090909,1,"kinbank","kinbank"
"3","Prai",0.0909090909090909,1,"kinbank","kinbank"
"4","Burmese",1,1,"kinbank","kinbank"
"5","Chepang",0.2,1,"kinbank","kinbank"
"6","Dzonghka_Lhop",1,1,"kinbank","kinbank"
"7","Dzonghka_Sha",1,1,"kinbank","kinbank"
"8","Dzonghka_Wang",1,1,"kinbank","kinbank"
"9","Lisu_",1,1,"kinbank","kinbank"
"10","Lisu_",1,1,"kinbank","kinbank"
"11","Lisu_",1,1,"kinbank","kinbank"
"12","Lisu_",1,1,"kinbank","kinbank"
"13","Manange",1,1,"kinbank","kinbank"
"14","Burmese",1,1,"kinbank","kinbank"
"15","Chinese",1,1,"kinbank","kinbank"
"16","Karen_(Pwo_dialect)",1,1,"kinbank","kinbank"
"17","Karen_(Sgau_dialect)",1,1,"kinbank","kinbank"
"18","Karen",1,1,"kinbank","kinbank"
"19","Sangtam_Naga",0.2,1,"kinbank","kinbank"
"20","Sherpa",1,1,"kinbank","kinbank"
"21","Suzhou",1,1,"kinbank","kinbank"
"22","Suzhou",1,1,"kinbank","kinbank"
"23","Akkadian",1,1,"kinbank","kinbank"
"24","Amharic",0.0909090909090909,1,"kinbank","kinbank"
"25","Hausa",0.0909090909090909,1,"kinbank","kinbank"
"26","Lebanese_Arabic",0.636363636363636,1,"kinbank","kinbank"
"27","Polci",0.0909090909090909,0.5,"kinbank","kinbank"
"28","Albanian",1,1,"kinbank","kinbank"
"29","Albanian_Tosk_",0.0909090909090909,1,"kinbank","kinbank"
"30","Ancient_Greek",1,1,"kinbank","kinbank"
"31","Armenian",1,1,"kinbank","kinbank"
"32","Assamese",1,1,"kinbank","kinbank"
"33","Balochi",0,1,"kinbank","kinbank"
"34","Belarusian",1,1,"kinbank","kinbank"
"35","Bengali",1,1,"kinbank","kinbank"
"36","Boers",1,1,"kinbank","kinbank"
"37","Breton",1,1,"kinbank","kinbank"
"38","Bulgarian",1,1,"kinbank","kinbank"
"39","Central_Kurdish",0.0909090909090909,1,"kinbank","kinbank"
"40","Chavacano",1,1,"kinbank","kinbank"
"41","Cornish",1,1,"kinbank","kinbank"
"42","Czech",1,1,"kinbank","kinbank"
"43","Danish",0.0909090909090909,1,"kinbank","kinbank"
"44","Dari",1,1,"kinbank","kinbank"
"45","Dutch",1,1,"kinbank","kinbank"
"46","Eastern_Armenian",0.0909090909090909,1,"kinbank","kinbank"
"47","Eastern_Yiddish",0.0909090909090909,1,"kinbank","kinbank"
"48","English",0.0909090909090909,1,"kinbank","kinbank"
"49","Frisian",1,1,"kinbank","kinbank"
"50","German",1,1,"kinbank","kinbank"
"51","Gujarati",1,1,"kinbank","kinbank"
"52","Hindi",1,1,"kinbank","kinbank"
"53","Icelandic",0.0909090909090909,1,"kinbank","kinbank"
"54","Irish",0.0909090909090909,1,"kinbank","kinbank"
"55","Italian",1,1,"kinbank","kinbank"
"56","Jamaican_Creole",0.0909090909090909,1,"kinbank","kinbank"
"57","Judeo_Tat",0.0909090909090909,1,"kinbank","kinbank"
"58","Kashmiri",1,1,"kinbank","kinbank"
"59","Kriol_Roper_River",0.318181818181818,1,"kinbank","kinbank"
"60","Kristang_(Malacca_Creole_Portugese)",1,1,"kinbank","kinbank"
"61","Kumaoni",0.272727272727273,1,"kinbank","kinbank"
"62","Lahnda",0.0909090909090909,1,"kinbank","kinbank"
"63","Latin",1,1,"kinbank","kinbank"
"64","Latin_",0.0909090909090909,1,"kinbank","kinbank"
"65","Latvian",1,1,"kinbank","kinbank"
"66","Lithuanian",1,1,"kinbank","kinbank"
"67","Luxembourgish",0.136363636363636,1,"kinbank","kinbank"
"68","Macedonian",1,1,"kinbank","kinbank"
"69","Mahasu_Pahari",1,1,"kinbank","kinbank"
"70","Maithili",1,1,"kinbank","kinbank"
"71","Marathi",1,1,"kinbank","kinbank"
"72","Marwari_India_",1,1,"kinbank","kinbank"
"73","Middle_English",1,1,"kinbank","kinbank"
"74","Middle_High_German",0.166666666666667,1,"kinbank","kinbank"
"75","Modern_Greek",1,1,"kinbank","kinbank"
"76","Modern_Welsh",1,1,"kinbank","kinbank"
"77","Benga╠éli",1,1,"kinbank","kinbank"
"78","Gujarati",1,1,"kinbank","kinbank"
"79","Hindi",1,1,"kinbank","kinbank"
"80","Mara╠éthi╠é",1,1,"kinbank","kinbank"
"81","Nepali",1,1,"kinbank","kinbank"
"82","Northern_Kurdish",1,1,"kinbank","kinbank"
"83","Norwegian_Bokma╠èl",1,1,"kinbank","kinbank"
"84","Old_English_ca_450_1100_",0.285714285714286,1,"kinbank","kinbank"
"85","Old_High_German_ca_750_1050_",0.181818181818182,0,"kinbank","kinbank"
"86","Old_Irish",1,1,"kinbank","kinbank"
"87","Old_Norse",1,1,"kinbank","kinbank"
"88","Old_Russian",1,1,"kinbank","kinbank"
"89","Oriya",1,1,"kinbank","kinbank"
"90","Ossetian",0.0909090909090909,1,"kinbank","kinbank"
"91","Panjabi",1,1,"kinbank","kinbank"
"92","Pashto",1,1,"kinbank","kinbank"
"93","Polish",1,1,"kinbank","kinbank"
"94","Portuguese",1,1,"kinbank","kinbank"
"95","Romanian",1,1,"kinbank","kinbank"
"96","Russian",1,1,"kinbank","kinbank"
"97","Russian_",1,1,"kinbank","kinbank"
"98","Sanskrit",1,1,"kinbank","kinbank"
"99","Sardinian",1,1,"kinbank","kinbank"
"100","Saterfriesisch",1,1,"kinbank","kinbank"
"101","Serbocroation",1,1,"kinbank","kinbank"
"102","Serbs",1,1,"kinbank","kinbank"
"103","Sindhi",1,1,"kinbank","kinbank"
"104","Sinhala",1,1,"kinbank","kinbank"
"105","Slovakian",1,1,"kinbank","kinbank"
"106","Slovenian",1,1,"kinbank","kinbank"
"107","Standard_Catalan",1,1,"kinbank","kinbank"
"108","Standard_English",0.0909090909090909,1,"kinbank","kinbank"
"109","Standard_French",1,1,"kinbank","kinbank"
"110","Standard_German",1,1,"kinbank","kinbank"
"111","Standard_Spanish",1,1,"kinbank","kinbank"
"112","Swedish",0.0909090909090909,1,"kinbank","kinbank"
"113","Tajik",1,1,"kinbank","kinbank"
"114","Tok_Pisin",0.545454545454545,1,"kinbank","kinbank"
"115","Torres_Strait_Creole_(Broken)",1,1,"kinbank","kinbank"
"116","Ukrainian",1,1,"kinbank","kinbank"
"117","Urdu",1,1,"kinbank","kinbank"
"118","Vlax_Romani",1,1,"kinbank","kinbank"
"119","Wallon",1,1,"kinbank","kinbank"
"120","Western_Armenian",0.0909090909090909,1,"kinbank","kinbank"
"121","Western_Farsi",1,1,"kinbank","kinbank"
"122","Western_Panjabi",0.0909090909090909,1,"kinbank","kinbank"
"123","Shipibo",0.954545454545455,1,"kinbank","kinbank"
"124","East_Kewa",0.166666666666667,1,"kinbank","kinbank"
"125","Erave_(South_Kewa)",0.166666666666667,1,"kinbank","kinbank"
"126","Kalam",1,1,"kinbank","kinbank"
"127","Komba",0.0909090909090909,1,"kinbank","kinbank"
"128","Ku_Waru",1,1,"kinbank","kinbank"
"129","Kyaka",1,1,"kinbank","kinbank"
"130","Proto_Sogeram",0,1,"kinbank","kinbank"
"131","West_Kewa",0.166666666666667,1,"kinbank","kinbank"
"132","Adnyamathanha",0.5,1,"kinbank","kinbank"
"133","Alyawarr",0.8125,1,"kinbank","kinbank"
"134","Arabana",0.916666666666667,1,"kinbank","kinbank"
"135","Badimaya",1,1,"kinbank","kinbank"
"136","Bandjalang",1,1,"kinbank","kinbank"
"137","Biri",0.117647058823529,1,"kinbank","kinbank"
"138","Bunganditj",0.318181818181818,1,"kinbank","kinbank"
"139","Dharumbal",1,1,"kinbank","kinbank"
"140","Dharumbal_",1,1,"kinbank","kinbank"
"141","Dhuwal-Dhuwala_(Yolngu)",0.166666666666667,1,"kinbank","kinbank"
"142","Diyari",0.352941176470588,1,"kinbank","kinbank"
"143","Diyari_",0.318181818181818,1,"kinbank","kinbank"
"144","Djambarrpuyngu",0.0833333333333333,1,"kinbank","kinbank"
"145","Djapu",1,1,"kinbank","kinbank"
"146","Duungidjawu",1,1,"kinbank","kinbank"
"147","Dyirbal",0.625,1,"kinbank","kinbank"
"148","Gumatj",0.5,1,"kinbank","kinbank"
"149","Gumbaynggir",0.166666666666667,1,"kinbank","kinbank"
"150","Gunya",1,1,"kinbank","kinbank"
"151","Gupapuyngu",0.411764705882353,1,"kinbank","kinbank"
"152","Gurindji",0.0833333333333333,1,"kinbank","kinbank"
"153","Guugu_Yimidhirr",1,0.5,"kinbank","kinbank"
"154","Guugu_Yimidhirr_",1,0.5,"kinbank","kinbank"
"155","Jaru",1,1,"kinbank","kinbank"
"156","Kala_Lagaw_Ya",1,1,"kinbank","kinbank"
"157","Kalkatungu",0.5,1,"kinbank","kinbank"
"158","Karajarri",0.0833333333333333,1,"kinbank","kinbank"
"159","Kariyarra",1,1,"kinbank","kinbank"
"160","Kartujarra",0.916666666666667,1,"kinbank","kinbank"
"161","Kaurna",0.0454545454545455,1,"kinbank","kinbank"
"162","Kukatja",0.0909090909090909,1,"kinbank","kinbank"
"163","Kuku-Yalanji",0.0909090909090909,1,"kinbank","kinbank"
"164","KukuYalanji",0.166666666666667,1,"kinbank","kinbank"
"165","Kuuku_Ya'u",0.2,0.75,"kinbank","kinbank"
"166","Margany",1,1,"kinbank","kinbank"
"167","MartuWangka",0.5,1,"kinbank","kinbank"
"168","Muruwari",1,1,"kinbank","kinbank"
"169","Ngaanyatjarra",0.0833333333333333,1,"kinbank","kinbank"
"170","Ngaatjatjarra",0.227272727272727,0,"kinbank","kinbank"
"171","Ngadjumaya",1,1,"kinbank","kinbank"
"172","Ngarinyman",0.0833333333333333,1,"kinbank","kinbank"
"173","Ngiyambaa",0.0909090909090909,1,"kinbank","kinbank"
"174","Nhanta",0.0909090909090909,1,"kinbank","kinbank"
"175","Nyamal",0.916666666666667,1,"kinbank","kinbank"
"176","Nyangumarta",0.0833333333333333,1,"kinbank","kinbank"
"177","Nyawaygi",1,0,"kinbank","kinbank"
"178","Payungu",0.166666666666667,1,"kinbank","kinbank"
"179","PintupiLuritja",0.0833333333333333,1,"kinbank","kinbank"
"180","Pitjantjatjara",0.5,1,"kinbank","kinbank"
"181","Pitta_Pitta",0.954545454545455,1,"kinbank","kinbank"
"182","Ritharrngu",0.0833333333333333,1,"kinbank","kinbank"
"183","Thayore_(Kuuk_Thaayorre)",1,1,"kinbank","kinbank"
"184","Umpila",0.5,0.75,"kinbank","kinbank"
"185","Wajarri",0.5,1,"kinbank","kinbank"
"186","Wakaya",0.916666666666667,1,"kinbank","kinbank"
"187","Wangkajunga",0.0909090909090909,1,"kinbank","kinbank"
"188","Warlpiri",0.318181818181818,1,"kinbank","kinbank"
"189","Warlpiri_",1,1,"kinbank","kinbank"
"190","Warnman",0.5,1,"kinbank","kinbank"
"191","Warrnambool",0.6,1,"kinbank","kinbank"
"192","Warumungu",0.166666666666667,1,"kinbank","kinbank"
"193","Warungu",0.5,1,"kinbank","kinbank"
"194","Wathwurrung",1,1,"kinbank","kinbank"
"195","WikMungkan",0.285714285714286,0.666666666666667,"kinbank","kinbank"
"196","Wiradjuri",0.0909090909090909,1,"kinbank","kinbank"
"197","Wirangu",0.166666666666667,1,"kinbank","kinbank"
"198","Wulguru",0.0909090909090909,1,"kinbank","kinbank"
"199","Yadhaykenu",1,1,"kinbank","kinbank"
"200","Yalarnnga",0.0454545454545455,1,"kinbank","kinbank"
"201","Yalarnnga_",0.0454545454545455,1,"kinbank","kinbank"
"202","Yandruwandha",0.5,1,"kinbank","kinbank"
"203","Yandruwandha_",0.3,1,"kinbank","kinbank"
"204","Yanyuwa",0.0833333333333333,1,"kinbank","kinbank"
"205","Yarluyandi",0.0833333333333333,1,"kinbank","kinbank"
"206","Yidiny",0.166666666666667,1,"kinbank","kinbank"
"207","Yidiny_",0.6,1,"kinbank","kinbank"
"208","Yindjibarndi",1,1,"kinbank","kinbank"
"209","Yugambal_(Yugambeh)",0.545454545454545,1,"kinbank","kinbank"
"210","Yugambeh",0.0909090909090909,1,"kinbank","kinbank"
"211","Yulparija",0.916666666666667,1,"kinbank","kinbank"
"212","Yuwaalaraay",0.583333333333333,1,"kinbank","kinbank"
"213","Dehong",0.166666666666667,1,"kinbank","kinbank"
"214","Turung",1,1,"kinbank","kinbank"
"215","Abui",1,1,"kinbank","kinbank"
"216","Achuar",0.181818181818182,0,"kinbank","kinbank"
"217","Adang",0.4,1,"kinbank","kinbank"
"218","Agob-Ende-Kawam",0,0.5,"kinbank","kinbank"
"219","Aguaruna",0.272727272727273,1,"kinbank","kinbank"
"220","Alamblak",1,1,"kinbank","kinbank"
"221","Amanab",0.6,1,"kinbank","kinbank"
"222","Angaite",0,1,"kinbank","kinbank"
"223","ASF_Auslan",0.0909090909090909,1,"kinbank","kinbank"
"224","Atsugewi",0,1,"kinbank","kinbank"
"225","Au",0.555555555555556,1,"kinbank","kinbank"
"226","Awa",1,1,"kinbank","kinbank"
"227","Awiakay",1,1,"kinbank","kinbank"
"228","Ayoreo",1,1,"kinbank","kinbank"
"229","Bardi",0.6,1,"kinbank","kinbank"
"230","Bari",0.0909090909090909,1,"kinbank","kinbank"
"231","Baruya",0.7,1,"kinbank","kinbank"
"232","Basque",0.0909090909090909,1,"kinbank","kinbank"
"233","Basque",1,1,"kinbank","kinbank"
"234","Berik",0,1,"kinbank","kinbank"
"235","Bilua",0,1,"kinbank","kinbank"
"236","Bininj_Kun-wok",0.5,1,"kinbank","kinbank"
"237","Blagar",1,1,"kinbank","kinbank"
"238","Buin",1,1,"kinbank","kinbank"
"239","Cha_palaa",1,1,"kinbank","kinbank"
"240","Chimariko",0.0476190476190476,1,"kinbank","kinbank"
"241","Chiricahua",1,0,"kinbank","kinbank"
"242","Cocopa",1,1,"kinbank","kinbank"
"243","Copper_Inuit",1,0,"kinbank","kinbank"
"244","Cubeo",1,0.5,"kinbank","kinbank"
"245","Cusco_Quechua",1,1,"kinbank","kinbank"
"246","Dalabon",0.6,1,"kinbank","kinbank"
"247","Daribi",0.545454545454545,1,"kinbank","kinbank"
"248","DeneTha_South_Slavey_",0.0909090909090909,1,"kinbank","kinbank"
"249","Dene_Suline╠ü",0.0909090909090909,1,"kinbank","kinbank"
"250","De╠üli╠¿ne",1,1,"kinbank","kinbank"
"251","Doutai",1,0.5,"kinbank","kinbank"
"252","Duna",0.545454545454545,1,"kinbank","kinbank"
"253","Edopi",0.6,0.5,"kinbank","kinbank"
"254","Eipo",0.772727272727273,1,"kinbank","kinbank"
"255","Ekari",0.4,1,"kinbank","kinbank"
"256","Ende_(Papua_New_Guinea)",0.0909090909090909,0.75,"kinbank","kinbank"
"257","Eyak",0,1,"kinbank","kinbank"
"258","Foi",0.6,1,"kinbank","kinbank"
"259","Fore",0.4,1,"kinbank","kinbank"
"260","Galeia_B",1,1,"kinbank","kinbank"
"261","Ganggalida",1,1,"kinbank","kinbank"
"262","Gimi",0.772727272727273,0.5,"kinbank","kinbank"
"263","Grand_Valley_Dani",0.8,0.5,"kinbank","kinbank"
"264","Gui_(Gwi)",0,1,"kinbank","kinbank"
"265","Gu╠ênu╠êna_Ku╠êne",0.0909090909090909,1,"kinbank","kinbank"
"266","Hewa",0.545454545454545,1,"kinbank","kinbank"
"267","Huli",0.545454545454545,1,"kinbank","kinbank"
"268","Hunza",0.181818181818182,0,"kinbank","kinbank"
"269","Hupa",1,1,"kinbank","kinbank"
"270","I'saka_(Krisa)",1,1,"kinbank","kinbank"
"271","Iau",1,1,"kinbank","kinbank"
"272","Idi",0,0.75,"kinbank","kinbank"
"273","Inanwatan_(Suabo)",1,1,"kinbank","kinbank"
"274","Isirawa",0,1,"kinbank","kinbank"
"275","Iwam",0.8,0.75,"kinbank","kinbank"
"276","Japanese",0.0909090909090909,1,"kinbank","kinbank"
"277","Jicarilla",1,1,"kinbank","kinbank"
"278","Jingulu",0.6,1,"kinbank","kinbank"
"279","Kalamang",0.545454545454545,1,"kinbank","kinbank"
"280","Kamang",0.6,1,"kinbank","kinbank"
"281","Kamano",0.0909090909090909,1,"kinbank","kinbank"
"282","Karok",1,1,"kinbank","kinbank"
"283","Kashaya",1,1,"kinbank","kinbank"
"284","Kaure",0.6,1,"kinbank","kinbank"
"285","Kayardild",1,1,"kinbank","kinbank"
"286","Kemiju_(Jate)",0.0909090909090909,1,"kinbank","kinbank"
"287","Kemtuik",0.7,1,"kinbank","kinbank"
"288","Ketengban",0.6,1,"kinbank","kinbank"
"289","Ket",0.952380952380952,0,"kinbank","kinbank"
"290","Kewa",0.545454545454545,1,"kinbank","kinbank"
"291","Keyagana_(Jate)",0.0909090909090909,1,"kinbank","kinbank"
"292","Khalkha-Mongolian",0.5,1,"kinbank","kinbank"
"293","Kilmeri",0.2,1,"kinbank","kinbank"
"294","Kimaama",0.5,1,"kinbank","kinbank"
"295","Kiowa_Apache",1,1,"kinbank","kinbank"
"296","Kiraman",1,1,"kinbank","kinbank"
"297","Kiwaian",1,0.5,"kinbank","kinbank"
"298","Kogi",1,1,"kinbank","kinbank"
"299","Koiari",0,1,"kinbank","kinbank"
"300","Kombai",0.5,1,"kinbank","kinbank"
"301","Komnzo",0,0.5,"kinbank","kinbank"
"302","Konda_(Western_Dani)",1,1,"kinbank","kinbank"
"303","Korafe",0.6,1,"kinbank","kinbank"
"304","Korowai",1,1,"kinbank","kinbank"
"305","Kuman",0.136363636363636,1,"kinbank","kinbank"
"306","Kung",0.409090909090909,0,"kinbank","kinbank"
"307","Kunimaipa",0.6,1,"kinbank","kinbank"
"308","Kuot",1,1,"kinbank","kinbank"
"309","Kwoma",0.8,1,"kinbank","kinbank"
"310","Lardil",0.0909090909090909,1,"kinbank","kinbank"
"311","Lengua",0,1,"kinbank","kinbank"
"312","Lipan_Apache",1,0.5,"kinbank","kinbank"
"313","Loloda-Laba_(Loda)",1,0.75,"kinbank","kinbank"
"314","Madole",0.888888888888889,1,"kinbank","kinbank"
"315","Mairasi",0,1,"kinbank","kinbank"
"316","Mala",1,1,"kinbank","kinbank"
"317","Mapudungun",0,1,"kinbank","kinbank"
"318","Marind",0.318181818181818,1,"kinbank","kinbank"
"319","Marra",0.272727272727273,1,"kinbank","kinbank"
"320","Maybrat",1,1,"kinbank","kinbank"
"321","Meriam",0.545454545454545,1,"kinbank","kinbank"
"322","Meyah",1,1,"kinbank","kinbank"
"323","Miani",1,1,"kinbank","kinbank"
"324","Midob",0.727272727272727,1,"kinbank","kinbank"
"325","Mocovi╠ü",0.0454545454545455,1,"kinbank","kinbank"
"326","Momu-Fas",0.6,1,"kinbank","kinbank"
"327","Moni",0.4,1,"kinbank","kinbank"
"328","Monumbo",1,1,"kinbank","kinbank"
"329","Arikara_(Arickaree)",1,1,"kinbank","kinbank"
"330","Assiniboine_(Asiniboine)",0.9,1,"kinbank","kinbank"
"331","Baffin_Inuktitut_(Eskimo,_Northumberland_Inlet)",0.6,1,"kinbank","kinbank"
"332","Cayuga",0.6,1,"kinbank","kinbank"
"333","Cherokee",1,1,"kinbank","kinbank"
"334","Chibcha_(New_Granada)",0.8,1,"kinbank","kinbank"
"335","Chickasa",1,1,"kinbank","kinbank"
"336","Choctaw_(1)",1,1,"kinbank","kinbank"
"337","Choctaw_(2)",1,1,"kinbank","kinbank"
"338","Creek",1,1,"kinbank","kinbank"
"339","Crow",1,1,"kinbank","kinbank"
"340","Dakota_Blackfoot",1,1,"kinbank","kinbank"
"341","Dakota_Brule",1,1,"kinbank","kinbank"
"342","Dakota_Isauntie",1,1,"kinbank","kinbank"
"343","Dakota_Ogalalla",1,1,"kinbank","kinbank"
"344","Dakota_Sisseton",1,1,"kinbank","kinbank"
"345","Dakota_Uncpapa",1,1,"kinbank","kinbank"
"346","Dakota_Yanktonais",1,1,"kinbank","kinbank"
"347","Dakota_Yankton",1,1,"kinbank","kinbank"
"348","Grand_Pawnee",0.8,1,"kinbank","kinbank"
"349","Hare_Indians_or_Ta╠ê-na╠ê'-tin-ne",1,1,"kinbank","kinbank"
"350","Iowa╠ê",1,1,"kinbank","kinbank"
"351","Japanese",1,1,"kinbank","kinbank"
"352","Kalaallisut_(Eskimo,_Greenland)",0.428571428571429,1,"kinbank","kinbank"
"353","Kaw",1,1,"kinbank","kinbank"
"354","Kootenay",1,1,"kinbank","kinbank"
"355","Ku╠îtchin,_or_Louchieux",1,1,"kinbank","kinbank"
"356","Mandan",1,1,"kinbank","kinbank"
"357","Minnitaree",1,1,"kinbank","kinbank"
"358","Mohawk",0.8,1,"kinbank","kinbank"
"359","Mountain_Cherokee",0.888888888888889,1,"kinbank","kinbank"
"360","Omaha╠ê",1,1,"kinbank","kinbank"
"361","Oneida",0.6,1,"kinbank","kinbank"
"362","Onondaga",0.6,1,"kinbank","kinbank"
"363","Osage",1,1,"kinbank","kinbank"
"364","Otoe",1,1,"kinbank","kinbank"
"365","Punka╠ê",1,1,"kinbank","kinbank"
"366","Red-knife,_or_Ta╠êl-sote'e-na╠ê",1,1,"kinbank","kinbank"
"367","Republican_Pawnee",0.8,1,"kinbank","kinbank"
"368","Seneca",0.6,1,"kinbank","kinbank"
"369","Slave_Lake_Indians_or_A-cha'o-tin-ne",1,1,"kinbank","kinbank"
"370","Tukuthe",1,1,"kinbank","kinbank"
"371","Tuscarora",0.3,1,"kinbank","kinbank"
"372","Two_Mountain_Iroquios",1,1,"kinbank","kinbank"
"373","Winnebagoe",1,1,"kinbank","kinbank"
"374","Wyandote",0.6,1,"kinbank","kinbank"
"375","Yakama",1,1,"kinbank","kinbank"
"376","Mosete╠ün_Chimane╠ü",1,1,"kinbank","kinbank"
"377","Movima",0.5,1,"kinbank","kinbank"
"378","Muisca_Chibcha_",0.5,1,"kinbank","kinbank"
"379","Murrinhpatha",0.545454545454545,1,"kinbank","kinbank"
"380","Nagovisi",1,1,"kinbank","kinbank"
"381","Nama",0.681818181818182,0.75,"kinbank","kinbank"
"382","Nambo",0.1,0.75,"kinbank","kinbank"
"383","Nasioi",1,1,"kinbank","kinbank"
"384","Navajo",0.19047619047619,1,"kinbank","kinbank"
"385","Negwa_(Yagwoia)",0.6,1,"kinbank","kinbank"
"386","Neme",0,0.5,"kinbank","kinbank"
"387","Nen",0.2,0.75,"kinbank","kinbank"
"388","Nen_",0,0.75,"kinbank","kinbank"
"389","Netsilik",1,1,"kinbank","kinbank"
"390","Nimboran",1,1,"kinbank","kinbank"
"391","Ninam",0,1,"kinbank","kinbank"
"392","Nivacle",0.0476190476190476,1,"kinbank","kinbank"
"393","Northeastern_Maidu",0.545454545454545,1,"kinbank","kinbank"
"394","Northern_Embera",0.0909090909090909,1,"kinbank","kinbank"
"395","Northern_Pomo",0.923076923076923,1,"kinbank","kinbank"
"396","NorthMuyu",0.5,1,"kinbank","kinbank"
"397","Northwestern_Maidu",1,1,"kinbank","kinbank"
"398","Nunamiut",0.954545454545455,1,"kinbank","kinbank"
"399","Nungon",0.6,1,"kinbank","kinbank"
"400","Nyulnyul",0.0909090909090909,1,"kinbank","kinbank"
"401","Onobasulu",1,1,"kinbank","kinbank"
"402","Pagu",1,1,"kinbank","kinbank"
"403","Pa╠üez",0,1,"kinbank","kinbank"
"404","Pilaga╠ü",0.0454545454545455,1,"kinbank","kinbank"
"405","Puinave",1,1,"kinbank","kinbank"
"406","Pume╠ü",0.0909090909090909,1,"kinbank","kinbank"
"407","Qawasquar",0.0909090909090909,0,"kinbank","kinbank"
"408","Quechan",0.454545454545455,1,"kinbank","kinbank"
"409","Rotokas",1,1,"kinbank","kinbank"
"410","Sanapana",0,1,"kinbank","kinbank"
"411","Savosavo",1,1,"kinbank","kinbank"
"412","Sawi",0.8,1,"kinbank","kinbank"
"413","Selk_nam",0.0909090909090909,1,"kinbank","kinbank"
"414","Seri",0.0476190476190476,1,"kinbank","kinbank"
"415","Setaman_Baktamin",0.6,1,"kinbank","kinbank"
"416","Shasta",1,1,"kinbank","kinbank"
"417","Siwai_Motuna",0.2,1,"kinbank","kinbank"
"418","Sougb",1,1,"kinbank","kinbank"
"419","Suki",0.8,1,"kinbank","kinbank"
"420","Tabla",0.4,1,"kinbank","kinbank"
"421","Taiap",0.2,0.5,"kinbank","kinbank"
"422","Tehuelche",0,1,"kinbank","kinbank"
"423","Teiwa",0.8,1,"kinbank","kinbank"
"424","Telefol",0.0909090909090909,1,"kinbank","kinbank"
"425","Tidore_(version_1)",1,1,"kinbank","kinbank"
"426","Tidore_(version_2)_",1,1,"kinbank","kinbank"
"427","Tidore",1,1,"kinbank","kinbank"
"428","Tlingit",0.5,1,"kinbank","kinbank"
"429","Toba",0.0909090909090909,1,"kinbank","kinbank"
"430","Touo",0.772727272727273,1,"kinbank","kinbank"
"431","Trumai",1,1,"kinbank","kinbank"
"432","Tsafiki",1,1,"kinbank","kinbank"
"433","Tucanoan_Bara╠ü",1,1,"kinbank","kinbank"
"434","Tucano",1,1,"kinbank","kinbank"
"435","Tuyuca",0.0476190476190476,1,"kinbank","kinbank"
"436","Tzeltal",0.954545454545455,1,"kinbank","kinbank"
"437","Umbu-Ungu",0.545454545454545,1,"kinbank","kinbank"
"438","Usurufa",0.0909090909090909,1,"kinbank","kinbank"
"439","Waffa",1,1,"kinbank","kinbank"
"440","Wailaki",1,1,"kinbank","kinbank"
"441","Waorani",0.0476190476190476,1,"kinbank","kinbank"
"442","Watam",1,1,"kinbank","kinbank"
"443","Wersing",1,1,"kinbank","kinbank"
"444","Western_Apache",0.909090909090909,0.5,"kinbank","kinbank"
"445","Western_Pantar",0.545454545454545,1,"kinbank","kinbank"
"446","Xibe",1,1,"kinbank","kinbank"
"447","Yale",0.4,1,"kinbank","kinbank"
"448","Yalic",0.4,1,"kinbank","kinbank"
"449","Yamana",0.0909090909090909,1,"kinbank","kinbank"
"450","Yanoma╠ümi",0,1,"kinbank","kinbank"
"451","Yawa",1,1,"kinbank","kinbank"
"452","Yele_(Ye╠üli╠é_Dnye)",0.772727272727273,1,"kinbank","kinbank"
"453","Yelmek",0,1,"kinbank","kinbank"
"454","Yucatec_Maya",0.5,1,"kinbank","kinbank"
"455","Yuki",0.5,1,"kinbank","kinbank"
"456","Yukulta_(Ganggalida)_",1,1,"kinbank","kinbank"
"457","Yuracare",1,1,"kinbank","kinbank"
"458","Zuni",1,1,"kinbank","kinbank"
"459","Wapishana",0.0454545454545455,1,"kinbank","kinbank"
"460","Waura╠ü",0.0909090909090909,1,"kinbank","kinbank"
"461","Wayuu",0.0454545454545455,1,"kinbank","kinbank"
"462","'Are'are",0.117647058823529,1,"kinbank","kinbank"
"463","Achinese",1,1,"kinbank","kinbank"
"464","Aklanon",0.954545454545455,1,"kinbank","kinbank"
"465","Alangan",0,1,"kinbank","kinbank"
"466","Ampibabo_Lauje",0,1,"kinbank","kinbank"
"467","Anejom",0.545454545454545,1,"kinbank","kinbank"
"468","Aniwa",1,1,"kinbank","kinbank"
"469","Anuta",1,1,"kinbank","kinbank"
"470","Araki",1,1,"kinbank","kinbank"
"471","Aria_(Mouk-Aria)_",0.6,1,"kinbank","kinbank"
"472","Asera",0,1,"kinbank","kinbank"
"473","Atchin",0,1,"kinbank","kinbank"
"474","Atoni_(Uab_Meto)",1,1,"kinbank","kinbank"
"475","Atta",0,1,"kinbank","kinbank"
"476","Avava_",1,1,"kinbank","kinbank"
"477","Ayiwo",1,1,"kinbank","kinbank"
"478","Bacanese_Malay_(Bacan)",0.2,1,"kinbank","kinbank"
"479","Bahonsuai",0,1,"kinbank","kinbank"
"480","Balaesang",0,1,"kinbank","kinbank"
"481","Balangao",0,1,"kinbank","kinbank"
"482","Balinese",0.0454545454545455,1,"kinbank","kinbank"
"483","Banjar",0,0,"kinbank","kinbank"
"484","Bannoni",0,0,"kinbank","kinbank"
"485","Barabet_(Hano)_",1,1,"kinbank","kinbank"
"486","Bario_Kelabit",0,0,"kinbank","kinbank"
"487","Batak_Toba",0.6,1,"kinbank","kinbank"
"488","Biak",0.2,1,"kinbank","kinbank"
"489","Big_Nambas",1,1,"kinbank","kinbank"
"490","Big_Nambas_",0.8,1,"kinbank","kinbank"
"491","Bilibil",0.545454545454545,1,"kinbank","kinbank"
"492","Binukid_(Talaandig-Binukid)",1,1,"kinbank","kinbank"
"493","Bontok",0,1,"kinbank","kinbank"
"494","Brunei-Sabah_Malay_(Malay)",0.0454545454545455,1,"kinbank","kinbank"
"495","Buhid",0,1,"kinbank","kinbank"
"496","Bukat",0,1,"kinbank","kinbank"
"497","Buli",1,1,"kinbank","kinbank"
"498","Bungku",0,1,"kinbank","kinbank"
"499","Buru_(Indonesia)",1,1,"kinbank","kinbank"
"500","Casiguran_Dumagat_Agta",0,1,"kinbank","kinbank"
"501","Cebuano",0.0454545454545455,1,"kinbank","kinbank"
"502","Central_Cagayan_Agta",0.0909090909090909,1,"kinbank","kinbank"
"503","Central_Melanau",0.0909090909090909,1,"kinbank","kinbank"
"504","Central_Sama",0,1,"kinbank","kinbank"
"505","Central_Tagbanwa",0,1,"kinbank","kinbank"
"506","Chamarro",1,1,"kinbank","kinbank"
"507","Chuukese_(Trukese)",1,1,"kinbank","kinbank"
"508","Colloquial_Malay",0.0909090909090909,1,"kinbank","kinbank"
"509","Cotabato_Manobo",1,1,"kinbank","kinbank"
"510","Daakie",1,1,"kinbank","kinbank"
"511","Dakaka",1,1,"kinbank","kinbank"
"512","Dampelas",0,1,"kinbank","kinbank"
"513","Dobu",0,1,"kinbank","kinbank"
"514","Dondo",0,1,"kinbank","kinbank"
"515","Easter_Islanders",0.1,1,"kinbank","kinbank"
"516","East_Ambae_(Lolovoli)",1,1,"kinbank","kinbank"
"517","East_Futuna",1,1,"kinbank","kinbank"
"518","Ellice",1,1,"kinbank","kinbank"
"519","Emau_(Emao_Island)",1,1,"kinbank","kinbank"
"520","Fijian",0.545454545454545,1,"kinbank","kinbank"
"521","Fordata",0.454545454545455,0,"kinbank","kinbank"
"522","Futuna-Aniwa",0.166666666666667,1,"kinbank","kinbank"
"523","Futunans",0.0909090909090909,1,"kinbank","kinbank"
"524","Ga'dang",0,1,"kinbank","kinbank"
"525","Gane_(Gima╠ün)",1,1,"kinbank","kinbank"
"526","Gayo",1,1,"kinbank","kinbank"
"527","Hanunoo",0,1,"kinbank","kinbank"
"528","Hawaiians",1,1,"kinbank","kinbank"
"529","Hawaii",1,1,"kinbank","kinbank"
"530","Hiligaynon",0,1,"kinbank","kinbank"
"531","Ibaloi_(Nabaloi)",0,1,"kinbank","kinbank"
"532","Ibanag",0,1,"kinbank","kinbank"
"533","Iban",0,1,"kinbank","kinbank"
"534","Ida'an",0,1,"kinbank","kinbank"
"535","Ifaluk_Nuclear_Woleaian_",1,1,"kinbank","kinbank"
"536","Ifugaw_(Ifugao)",0,1,"kinbank","kinbank"
"537","Ili'uun",0.0909090909090909,1,"kinbank","kinbank"
"538","Ilokano",0.0909090909090909,1,"kinbank","kinbank"
"539","Indonesian_Bajau",0,0.75,"kinbank","kinbank"
"540","Indonesian",0,1,"kinbank","kinbank"
"541","Iraya",0,1,"kinbank","kinbank"
"542","Isnag",0,1,"kinbank","kinbank"
"543","Itbayat",0,1,"kinbank","kinbank"
"544","Itneg_(Binongan)",0.5,1,"kinbank","kinbank"
"545","Javanese",0.0909090909090909,1,"kinbank","kinbank"
"546","Kadai",1,1,"kinbank","kinbank"
"547","Kalinga_(Ahin-Kayapa_Kalanguya)",0,1,"kinbank","kinbank"
"548","Kambera",1,1,"kinbank","kinbank"
"549","Kankanaey_(Kankanai)",0,1,"kinbank","kinbank"
"550","Kapingamarangi",0,1,"kinbank","kinbank"
"551","Kapingamarangi_",1,1,"kinbank","kinbank"
"552","Kei",0.636363636363636,0,"kinbank","kinbank"
"553","Kilivila",1,1,"kinbank","kinbank"
"554","Kiput",0,1,"kinbank","kinbank"
"555","Kodeoha",0,1,"kinbank","kinbank"
"556","Konawe",0,1,"kinbank","kinbank"
"557","Koroni",0,1,"kinbank","kinbank"
"558","Kuanua",0.545454545454545,1,"kinbank","kinbank"
"559","Kulisusu",0,0,"kinbank","kinbank"
"560","Kwaio",0.5,1,"kinbank","kinbank"
"561","Kwamera",0.2,1,"kinbank","kinbank"
"562","Laiwui",0,1,"kinbank","kinbank"
"563","Lalomerui",0,1,"kinbank","kinbank"
"564","Landewe",0,1,"kinbank","kinbank"
"565","Lauje",0,1,"kinbank","kinbank"
"566","Lau_Fijian",1,1,"kinbank","kinbank"
"567","Lau",0.285714285714286,1,"kinbank","kinbank"
"568","Lelepa",1,1,"kinbank","kinbank"
"569","Lenakel",0.4,1,"kinbank","kinbank"
"570","Letemboi-Repanbitip",0.8,1,"kinbank","kinbank"
"571","Lo-Toga_(Loh)",1,1,"kinbank","kinbank"
"572","Lonwolwol",1,1,"kinbank","kinbank"
"573","Luangiua_(Ontong_Java)",1,1,"kinbank","kinbank"
"574","Lubuagan_Kalinga",0.555555555555556,1,"kinbank","kinbank"
"575","Ma'anyan",0,1,"kinbank","kinbank"
"576","Maba_(Indonesia)",1,1,"kinbank","kinbank"
"577","Madak_(Konnos)",1,1,"kinbank","kinbank"
"578","Madurese",0.0454545454545455,0,"kinbank","kinbank"
"579","Mafea_(Mavea)",1,1,"kinbank","kinbank"
"580","Magam",1,1,"kinbank","kinbank"
"581","Maguindanao_(Magindonao_Moro)",0.0476190476190476,1,"kinbank","kinbank"
"582","Malua_Bay",0.583333333333333,1,"kinbank","kinbank"
"583","Manam",0.9,1,"kinbank","kinbank"
"584","Mangaia",1,1,"kinbank","kinbank"
"585","Mangarevans",1,1,"kinbank","kinbank"
"586","Mangareva",1,1,"kinbank","kinbank"
"587","Mangei_(Sobjo)",1,1,"kinbank","kinbank"
"588","Manggarai",1,1,"kinbank","kinbank"
"589","Maori",1,1,"kinbank","kinbank"
"590","Maranao_(Lanao_Moro)",0,1,"kinbank","kinbank"
"591","Marquesas",1,1,"kinbank","kinbank"
"592","Marshallese",0.8,1,"kinbank","kinbank"
"593","Maskelynes",1,1,"kinbank","kinbank"
"594","Matukar",0.0909090909090909,1,"kinbank","kinbank"
"595","Ma╠äori",0.846153846153846,1,"kinbank","kinbank"
"596","Mekongga",0,1,"kinbank","kinbank"
"597","Mele-Fila_(Ifira-Mele)",0.0909090909090909,1,"kinbank","kinbank"
"598","Menui",0,1,"kinbank","kinbank"
"599","Miningir_(Lunga)",0.0909090909090909,1,"kinbank","kinbank"
"600","Hawaiian",1,1,"kinbank","kinbank"
"601","Kings_Mill_Islands",1,1,"kinbank","kinbank"
"602","Kusaien",1,1,"kinbank","kinbank"
"603","Maori",1,1,"kinbank","kinbank"
"604","Mori_Atas",0,1,"kinbank","kinbank"
"605","Mori_Bawah",0,1,"kinbank","kinbank"
"606","Moronene",0,0,"kinbank","kinbank"
"607","Mortlockese",1,1,"kinbank","kinbank"
"608","Mota",0.583333333333333,1,"kinbank","kinbank"
"609","Motu",1,1,"kinbank","kinbank"
"610","Mouk",0.545454545454545,1,"kinbank","kinbank"
"611","Muduapa_(Vitu)",0.166666666666667,0.5,"kinbank","kinbank"
"612","Muna",0.0909090909090909,1,"kinbank","kinbank"
"613","Mussau-Emira",0,1,"kinbank","kinbank"
"614","Mwotlap",1,1,"kinbank","kinbank"
"615","Nafsan",1,1,"kinbank","kinbank"
"616","Nage",1,1,"kinbank","kinbank"
"617","Nahavaq",1,1,"kinbank","kinbank"
"618","Nakanai",1,1,"kinbank","kinbank"
"619","Nalik_(Lukuramau)",1,1,"kinbank","kinbank"
"620","Namakura",1,1,"kinbank","kinbank"
"621","Nanggu",1,1,"kinbank","kinbank"
"622","Nehan",0.318181818181818,0,"kinbank","kinbank"
"623","Nengone",1,1,"kinbank","kinbank"
"624","Neve'ei",0.75,1,"kinbank","kinbank"
"625","Neverver",0.318181818181818,1,"kinbank","kinbank"
"626","Nguna",1,1,"kinbank","kinbank"
"627","Niuafo'ou",1,1,"kinbank","kinbank"
"628","Niueans",1,1,"kinbank","kinbank"
"629","Niue",1,1,"kinbank","kinbank"
"630","North_Ambrym",1,1,"kinbank","kinbank"
"631","North_Efate_(Nguna,_Nakanamanga)",1,1,"kinbank","kinbank"
"632","North_Marquesan",1,1,"kinbank","kinbank"
"633","Numbami",1,1,"kinbank","kinbank"
"634","Old_Rapa_(Rapa)",1,1,"kinbank","kinbank"
"635","Ontong_Java",1,1,"kinbank","kinbank"
"636","Owa_(Santa_Ana)",1,1,"kinbank","kinbank"
"637","Padoe",0,1,"kinbank","kinbank"
"638","Paici",0.0909090909090909,1,"kinbank","kinbank"
"639","Paiwan",0,1,"kinbank","kinbank"
"640","Paluai",0.6,1,"kinbank","kinbank"
"641","Pampanga_(Kampampangan)",0.0909090909090909,1,"kinbank","kinbank"
"642","Pangasinan",0,1,"kinbank","kinbank"
"643","Patani",1,1,"kinbank","kinbank"
"644","Pendau",0,1,"kinbank","kinbank"
"645","Penrhyn_(Tongareva)",1,1,"kinbank","kinbank"
"646","Petapa_Taje_",0,1,"kinbank","kinbank"
"647","Pohnpeian_",0.166666666666667,1,"kinbank","kinbank"
"648","Proto-Oceanic",1,1,"kinbank","kinbank"
"649","Pukapuka",1,1,"kinbank","kinbank"
"650","Puluwatese_(Puluwat)",0.772727272727273,1,"kinbank","kinbank"
"651","Rade_(Rhade)",0.6,1,"kinbank","kinbank"
"652","Raga_(Hano)",0.583333333333333,1,"kinbank","kinbank"
"653","Raga_(Hano_Thomas_Ennever)_",0.772727272727273,1,"kinbank","kinbank"
"654","Rahambuu",0,1,"kinbank","kinbank"
"655","Rakahanga-Manihiki",1,1,"kinbank","kinbank"
"656","Rangiora_(NW_Tuamotus)",1,1,"kinbank","kinbank"
"657","Rapanui_(Easter_Island)",1,1,"kinbank","kinbank"
"658","Raroians",1,1,"kinbank","kinbank"
"659","Ratagnon",0,1,"kinbank","kinbank"
"660","Rejang_(Rejangese)",0,0,"kinbank","kinbank"
"661","Rennell_Islanders",0.789473684210526,1,"kinbank","kinbank"
"662","Riuk_Bekati'_(Dayak)",0,0,"kinbank","kinbank"
"663","Rotinese_Termanu_",1,1,"kinbank","kinbank"
"664","Rotumans",1,1,"kinbank","kinbank"
"665","Rotuman",0.8,1,"kinbank","kinbank"
"666","Routa",0,1,"kinbank","kinbank"
"667","Roviana",0.0909090909090909,1,"kinbank","kinbank"
"668","Saaroa",0.0909090909090909,1,"kinbank","kinbank"
"669","Samoan",1,1,"kinbank","kinbank"
"670","Sarangani_Blaan",1,1,"kinbank","kinbank"
"671","Sawai",1,1,"kinbank","kinbank"
"672","Sa",0.6,1,"kinbank","kinbank"
"673","Seke_(Ske)",1,1,"kinbank","kinbank"
"674","Senbarei",0.285714285714286,1,"kinbank","kinbank"
"675","Sie_(Sye)",0.166666666666667,1,"kinbank","kinbank"
"676","Sikaiana",1,1,"kinbank","kinbank"
"677","Southeast_Ambrym",1,1,"kinbank","kinbank"
"678","South_Tuvaluan_(Vaitupu)",1,1,"kinbank","kinbank"
"679","Sula_Mangoli",1,1,"kinbank","kinbank"
"680","Sundanese",0.1,0.5,"kinbank","kinbank"
"681","Sungagage_",0.772727272727273,1,"kinbank","kinbank"
"682","Sungwadaga_",0.545454545454545,1,"kinbank","kinbank"
"683","Sungwadia_",0.545454545454545,1,"kinbank","kinbank"
"684","Sungwaloge_(Nalemba_Edward)_",0.545454545454545,1,"kinbank","kinbank"
"685","Sungwaloge_(Nalemba_Simeone_Tari)_",0.545454545454545,1,"kinbank","kinbank"
"686","Sungwaloge_(Navenvene)_",0.166666666666667,1,"kinbank","kinbank"
"687","Sungwaloge_(Tauta)_",0.545454545454545,1,"kinbank","kinbank"
"688","Sungwaloge_(Tawet)_",0.545454545454545,1,"kinbank","kinbank"
"689","Tadyawan",0,1,"kinbank","kinbank"
"690","Tagalog",0.0454545454545455,1,"kinbank","kinbank"
"691","Tahitians",1,1,"kinbank","kinbank"
"692","Tahitian",1,1,"kinbank","kinbank"
"693","Tajio",0,1,"kinbank","kinbank"
"694","Takia",1,1,"kinbank","kinbank"
"695","Takuu",0,1,"kinbank","kinbank"
"696","Talibabu",1,1,"kinbank","kinbank"
"697","Talise_(Tolo)",1,1,"kinbank","kinbank"
"698","Tamambo",1,1,"kinbank","kinbank"
"699","Tanala",0.636363636363636,1,"kinbank","kinbank"
"700","Tanampedagi_Taje_",0,1,"kinbank","kinbank"
"701","Taumako",1,1,"kinbank","kinbank"
"702","Tausug_",0,1,"kinbank","kinbank"
"703","Tetum_(Tetun)",1,1,"kinbank","kinbank"
"704","Tetun_Dili_(Tetum)",0.8,1,"kinbank","kinbank"
"705","Tialo_(Tomini)",0,1,"kinbank","kinbank"
"706","Tikopia",0.954545454545455,1,"kinbank","kinbank"
"707","Tikopia_",1,1,"kinbank","kinbank"
"708","Tirax_(Mae)",1,1,"kinbank","kinbank"
"709","Tokelau",0.545454545454545,1,"kinbank","kinbank"
"710","Tokelau_",1,1,"kinbank","kinbank"
"711","Tokotu'a_(Kabaena)",0,1,"kinbank","kinbank"
"712","Tolaki",0,0,"kinbank","kinbank"
"713","Tomadino",0,1,"kinbank","kinbank"
"714","Tombulu",0.0909090909090909,1,"kinbank","kinbank"
"715","Tongan",1,1,"kinbank","kinbank"
"716","Tongarevans",1,1,"kinbank","kinbank"
"717","Tonga_(Tonga_Islands)",1,1,"kinbank","kinbank"
"718","Tonsea",0.0909090909090909,1,"kinbank","kinbank"
"719","Toqabaqita",0,0,"kinbank","kinbank"
"720","Torete",0,1,"kinbank","kinbank"
"721","Totoli",0,1,"kinbank","kinbank"
"722","Tubuai",1,1,"kinbank","kinbank"
"723","Tulambatu",0,1,"kinbank","kinbank"
"724","Tuvalu_(Nanumea)",1,1,"kinbank","kinbank"
"725","Uma_Juman_(Kayan)",0.0909090909090909,1,"kinbank","kinbank"
"726","Umiray_Dumaget_Agta",0.5,1,"kinbank","kinbank"
"727","Urak_Lawoi",0,0.5,"kinbank","kinbank"
"728","Uripiv-Wala-Rano-Atchin",0.583333333333333,1,"kinbank","kinbank"
"729","Vaekau-Taumako",1,1,"kinbank","kinbank"
"730","Vao",1,1,"kinbank","kinbank"
"731","Varisi",1,1,"kinbank","kinbank"
"732","Vera'a",1,1,"kinbank","kinbank"
"733","Vures",0.8,1,"kinbank","kinbank"
"734","Waia",0,1,"kinbank","kinbank"
"735","Wallisian_(East_Uvea)",1,1,"kinbank","kinbank"
"736","Waru",0,1,"kinbank","kinbank"
"737","Watut",0.454545454545455,1,"kinbank","kinbank"
"738","Wawonii",0,1,"kinbank","kinbank"
"739","Weda",1,1,"kinbank","kinbank"
"740","Western_Bukidnon_Manobo",1,1,"kinbank","kinbank"
"741","Western_Tawbuid_(Batangan)",0,1,"kinbank","kinbank"
"742","West_Coast_Bajau",0,1,"kinbank","kinbank"
"743","West_Futuna",1,1,"kinbank","kinbank"
"744","Wiwirano",0,1,"kinbank","kinbank"
"745","Wogeo",0.6,1,"kinbank","kinbank"
"746","Wolio",0,1,"kinbank","kinbank"
"747","Wuvulu_Aua",1,1,"kinbank","kinbank"
"748","Xalangi_(Maevo_Vanuatu)_",0.545454545454545,1,"kinbank","kinbank"
"749","Xaracuu_(Canala)",1,1,"kinbank","kinbank"
"750","Yabem",1,1,"kinbank","kinbank"
"751","Yakan",0.0909090909090909,1,"kinbank","kinbank"
"752","Yamdena",0.181818181818182,0,"kinbank","kinbank"
"753","Yami_Tao_",0,1,"kinbank","kinbank"
"754","An-ah'-ne-lin_(Gros_Ventres_of_Prairie)",1,1,"kinbank","kinbank"
"755","Blood_Siksika_(Blood_Blackfoot)",1,1,"kinbank","kinbank"
"756","Cree_of_the_Lowlands",0.7,1,"kinbank","kinbank"
"757","Delaware",0.9,1,"kinbank","kinbank"
"758","Etchemiu,_or_Malisete",0.9,1,"kinbank","kinbank"
"759","Kaskaskia",0.7,1,"kinbank","kinbank"
"760","Kickapoo_(Kikapoo)",1,1,"kinbank","kinbank"
"761","Menomine",0.8,1,"kinbank","kinbank"
"762","Miami",1,1,"kinbank","kinbank"
"763","Miemac",1,1,"kinbank","kinbank"
"764","Mohegan",0.8,1,"kinbank","kinbank"
"765","Munsee",1,1,"kinbank","kinbank"
"766","Ojibwa_Kansas",0.9,1,"kinbank","kinbank"
"767","Ojibwa_Lake_Huron",0.9,1,"kinbank","kinbank"
"768","Ojibwa_Lake_Michigan",0.8,1,"kinbank","kinbank"
"769","Ojibwa_Lake_Superior",0.9,1,"kinbank","kinbank"
"770","Ottawa_(Ota╠îwa)",0.9,1,"kinbank","kinbank"
"771","Peoria",0.7,1,"kinbank","kinbank"
"772","Pianeshaw",0.7,1,"kinbank","kinbank"
"773","Piegan_Siksika_(Piegan_Blackfoot)",1,1,"kinbank","kinbank"
"774","Plains_Cree_(Cree_of_the_Prairie)",1,1,"kinbank","kinbank"
"775","Potawatomi_(Pota╠îwattamie)",0.833333333333333,1,"kinbank","kinbank"
"776","Sawk_and_Fox",0.8,1,"kinbank","kinbank"
"777","Shawnee",0.8,1,"kinbank","kinbank"
"778","Shiyan",0.5,1,"kinbank","kinbank"
"779","Weaw",0.7,1,"kinbank","kinbank"
"780","Woods_Cree_(Cree_of_the_Woods)",0.9,1,"kinbank","kinbank"
"781","Northern_Ojibwa",0.318181818181818,1,"kinbank","kinbank"
"782","Ottowa_Ojibwa",0.409090909090909,1,"kinbank","kinbank"
"783","Wiyot",0,1,"kinbank","kinbank"
"784","Yurok",1,1,"kinbank","kinbank"
"785","De_kwana_Maquiritari_",0,1,"kinbank","kinbank"
"786","Galibi_Carib",0.681818181818182,1,"kinbank","kinbank"
"787","Macushi",0.0476190476190476,1,"kinbank","kinbank"
"788","Panare",1,1,"kinbank","kinbank"
"789","Pemon",0.454545454545455,1,"kinbank","kinbank"
"790","Waimiri_Atroari",0.181818181818182,1,"kinbank","kinbank"
"791","Wai_Wai",0.136363636363636,1,"kinbank","kinbank"
"792","Aghul",0.0454545454545455,1,"kinbank","kinbank"
"793","Akhvakh_Northern_Akhvakh_",0.0909090909090909,1,"kinbank","kinbank"
"794","Andi",0.0909090909090909,1,"kinbank","kinbank"
"795","Archi",1,1,"kinbank","kinbank"
"796","Avar_Ancux_",0.0909090909090909,1,"kinbank","kinbank"
"797","Avar_Andalal_",0.0909090909090909,1,"kinbank","kinbank"
"798","Avar",0.0909090909090909,1,"kinbank","kinbank"
"799","Avar_Batlux_",0.0909090909090909,1,"kinbank","kinbank"
"800","Avar_Hid_dialect_",0.0909090909090909,1,"kinbank","kinbank"
"801","Avaz_Khunzakh_",0.0909090909090909,1,"kinbank","kinbank"
"802","Bahvalal",0.0909090909090909,1,"kinbank","kinbank"
"803","Bats_Tsova_Tush_",0.0909090909090909,1,"kinbank","kinbank"
"804","Bezhta",1,1,"kinbank","kinbank"
"805","Budukh",0.0909090909090909,1,"kinbank","kinbank"
"806","Chamalal",0.0909090909090909,1,"kinbank","kinbank"
"807","Chamalal_Gigatli_",0.0909090909090909,1,"kinbank","kinbank"
"808","Dargwa_Chirag_",0.0909090909090909,1,"kinbank","kinbank"
"809","Dargwa_Itsari_",0.0909090909090909,1,"kinbank","kinbank"
"810","Godoberi",0.0909090909090909,1,"kinbank","kinbank"
"811","Hinuq",0.0909090909090909,1,"kinbank","kinbank"
"812","Hunzib",0.0909090909090909,0,"kinbank","kinbank"
"813","Ingush",0.0909090909090909,1,"kinbank","kinbank"
"814","Inxokvari",0.0909090909090909,1,"kinbank","kinbank"
"815","Rutul",0.0909090909090909,1,"kinbank","kinbank"
"816","Kazakh",1,1,"kinbank","kinbank"
"817","Kumyk",0.0909090909090909,1,"kinbank","kinbank"
"818","Nogai",0.0909090909090909,1,"kinbank","kinbank"
"819","North_Azerbaijani",0.0909090909090909,1,"kinbank","kinbank"
"820","Turkish",0.0454545454545455,1,"kinbank","kinbank"
"821","Chenchu",1,1,"kinbank","kinbank"
"822","Dandami_Maria",1,1,"kinbank","kinbank"
"823","Kadar",1,1,"kinbank","kinbank"
"824","Kodava",1,1,"kinbank","kinbank"
"825","Koya",1,1,"kinbank","kinbank"
"826","Kui",1,1,"kinbank","kinbank"
"827","Kurukh",1,1,"kinbank","kinbank"
"828","Kuvi",1,1,"kinbank","kinbank"
"829","Malapandaram",1,1,"kinbank","kinbank"
"830","Malayalam",1,1,"kinbank","kinbank"
"831","Canarese",1,1,"kinbank","kinbank"
"832","Tamil",1,1,"kinbank","kinbank"
"833","Telugu",1,1,"kinbank","kinbank"
"834","Northern_Gondi",1,1,"kinbank","kinbank"
"835","Paliyan",1,1,"kinbank","kinbank"
"836","Tamil",1,1,"kinbank","kinbank"
"837","Telugu",1,1,"kinbank","kinbank"
"838","Toda",0.0454545454545455,1,"kinbank","kinbank"
"839","Yerukula",1,1,"kinbank","kinbank"
"840","Aztec",1,1,"kinbank","kinbank"
"841","Bannock",1,1,"kinbank","kinbank"
"842","Cahuilla",0.375,1,"kinbank","kinbank"
"843","Colorado_Ute_",1,1,"kinbank","kinbank"
"844","Comanche",1,1,"kinbank","kinbank"
"845","Cupen╠âo",0.375,1,"kinbank","kinbank"
"846","Gabrielino",1,1,"kinbank","kinbank"
"847","Guarijio",1,1,"kinbank","kinbank"
"848","Hopi",1,1,"kinbank","kinbank"
"849","Kawaiisu",1,1,"kinbank","kinbank"
"850","Kitanemuk_",0,1,"kinbank","kinbank"
"851","Lower_Pima_Pima_Bajo",0,1,"kinbank","kinbank"
"852","Luisen╠üo",0.153846153846154,1,"kinbank","kinbank"
"853","Mono",1,1,"kinbank","kinbank"
"854","Northern_Tepehuan",1,1,"kinbank","kinbank"
"855","North_Northern_Paiute",1,1,"kinbank","kinbank"
"856","Opata",0.0909090909090909,1,"kinbank","kinbank"
"857","Serrano",1,1,"kinbank","kinbank"
"858","Shoshoni",1,1,"kinbank","kinbank"
"859","Southeastern_Tepehuano",0.0454545454545455,1,"kinbank","kinbank"
"860","Southern_Paiute",1,1,"kinbank","kinbank"
"861","Southern_Tepehuan",0,1,"kinbank","kinbank"
"862","Southern_Ute",1,1,"kinbank","kinbank"
"863","Tarahumara",1,1,"kinbank","kinbank"
"864","Tu╠êmpisha_Shoshoni",1,1,"kinbank","kinbank"
"865","Asu_Tanzania_",1,1,"kinbank","kinbank"
"866","Avatime",1,1,"kinbank","kinbank"
"867","Batanga",1,1,"kinbank","kinbank"
"868","Bemba",0,1,"kinbank","kinbank"
"869","Bena_Tanzania_",0.375,1,"kinbank","kinbank"
"870","Bende",0.166666666666667,1,"kinbank","kinbank"
"871","Bera",0.0454545454545455,1,"kinbank","kinbank"
"872","Bila",0.0454545454545455,1,"kinbank","kinbank"
"873","Bukusu",0.909090909090909,1,"kinbank","kinbank"
"874","Bushoong",0.909090909090909,1,"kinbank","kinbank"
"875","Chokwe",0.545454545454545,1,"kinbank","kinbank"
"876","Digo",0,1,"kinbank","kinbank"
"877","Ding",0.409090909090909,1,"kinbank","kinbank"
"878","Duala",0.416666666666667,1,"kinbank","kinbank"
"879","Ekonda_Mongo",0,1,"kinbank","kinbank"
"880","Fang_EG",1,1,"kinbank","kinbank"
"881","Fefe",1,1,"kinbank","kinbank"
"882","Fipa",0.117647058823529,1,"kinbank","kinbank"
"883","Ganda",1,1,"kinbank","kinbank"
"884","Giryama",0.411764705882353,1,"kinbank","kinbank"
"885","Gogo",0.285714285714286,1,"kinbank","kinbank"
"886","Haya",0.227272727272727,1,"kinbank","kinbank"
"887","Ha",0.5,1,"kinbank","kinbank"
"888","Hehe",0.285714285714286,1,"kinbank","kinbank"
"889","Herero",0.0909090909090909,1,"kinbank","kinbank"
"890","Igbo",0.117647058823529,0.5,"kinbank","kinbank"
"891","Kagulu",0,1,"kinbank","kinbank"
"892","Kamba",0,1,"kinbank","kinbank"
"893","Kaonde",0,1,"kinbank","kinbank"
"894","Kikuyu",0,1,"kinbank","kinbank"
"895","Komo_DRC_",0.0454545454545455,1,"kinbank","kinbank"
"896","Kota",1,1,"kinbank","kinbank"
"897","Kwasio",0.0909090909090909,1,"kinbank","kinbank"
"898","Kwere",0.0909090909090909,1,"kinbank","kinbank"
"899","Lala_Bisa",0,1,"kinbank","kinbank"
"900","Lamba",0.5,1,"kinbank","kinbank"
"901","Langi",0.285714285714286,1,"kinbank","kinbank"
"902","Lingala",0.0454545454545455,1,"kinbank","kinbank"
"903","Lozi",1,1,"kinbank","kinbank"
"904","Luba_Katanga",1,1,"kinbank","kinbank"
"905","Luba_Lulua",0,1,"kinbank","kinbank"
"906","Luguru",0.25,1,"kinbank","kinbank"
"907","Lunda",0.25,1,"kinbank","kinbank"
"908","Luvale",0.375,1,"kinbank","kinbank"
"909","Makonde",0.0909090909090909,1,"kinbank","kinbank"
"910","Masaaba",0.0909090909090909,1,"kinbank","kinbank"
"911","Mbala",0.0909090909090909,0.5,"kinbank","kinbank"
"912","Mbere",1,1,"kinbank","kinbank"
"913","Mbuun",0,1,"kinbank","kinbank"
"914","Meru",0.545454545454545,1,"kinbank","kinbank"
"915","Mokpwe",0.909090909090909,1,"kinbank","kinbank"
"916","Mongo",0.272727272727273,1,"kinbank","kinbank"
"917","Amazulu_(Amazulu_Kafir)",1,1,"kinbank","kinbank"
"918","Mungaka",0.5,1,"kinbank","kinbank"
"919","Myene",0.952380952380952,1,"kinbank","kinbank"
"920","Ngulu",1,1,"kinbank","kinbank"
"921","Njebi",1,1,"kinbank","kinbank"
"922","Nsong",0,1,"kinbank","kinbank"
"923","Nyakyusa",0.0909090909090909,1,"kinbank","kinbank"
"924","Nyoro",0.454545454545455,1,"kinbank","kinbank"
"925","Phende",0,1,"kinbank","kinbank"
"926","Pinji",0,0.5,"kinbank","kinbank"
"927","Punu",0,0.5,"kinbank","kinbank"
"928","Rundi",0.5,1,"kinbank","kinbank"
"929","Sake",1,1,"kinbank","kinbank"
"930","Sangu_Tanzania_",0.285714285714286,1,"kinbank","kinbank"
"931","San_Salvador_Kongo",0,0,"kinbank","kinbank"
"932","Seki",1,1,"kinbank","kinbank"
"933","Shi",1,1,"kinbank","kinbank"
"934","Soga",0.0909090909090909,1,"kinbank","kinbank"
"935","Songoora",1,1,"kinbank","kinbank"
"936","Sukuma",1,1,"kinbank","kinbank"
"937","Suku",0.0454545454545455,1,"kinbank","kinbank"
"938","Taabwa",0.181818181818182,1,"kinbank","kinbank"
"939","Tetela",0.0588235294117647,1,"kinbank","kinbank"
"940","Tiv",0,1,"kinbank","kinbank"
"941","Tonga_Nyasa_",0,1,"kinbank","kinbank"
"942","Tooro",1,1,"kinbank","kinbank"
"943","Tsogo",1,0.5,"kinbank","kinbank"
"944","Tsonga",0.368421052631579,1,"kinbank","kinbank"
"945","Tswana",0.0714285714285714,1,"kinbank","kinbank"
"946","Umbundu",0,1,"kinbank","kinbank"
"947","Venda",0,1,"kinbank","kinbank"
"948","Yaka_CAR_",0.181818181818182,1,"kinbank","kinbank"
"949","Yaka_Pelende_Lonzo",0.545454545454545,1,"kinbank","kinbank"
"950","Yombe",0.9375,1,"kinbank","kinbank"
"951","Zigula",0,1,"kinbank","kinbank"
"952","Zinza",1,1,"kinbank","kinbank"
"953","Zulu",0.318181818181818,1,"kinbank","kinbank"
"954","Erzya",0.0909090909090909,1,"kinbank","kinbank"
"955","Estonian",1,1,"kinbank","kinbank"
"956","Finnic",0.0909090909090909,1,"kinbank","kinbank"
"957","Finnish",0.0909090909090909,1,"kinbank","kinbank"
"958","Ingrian",0.0909090909090909,1,"kinbank","kinbank"
"959","Kazym_Berezover_Suryskarer_Khanty",0.0909090909090909,1,"kinbank","kinbank"
"960","kinura_ForestEnets",0.0909090909090909,1,"kinbank","kinbank"
"961","kinura_HillMari",0.0909090909090909,0.75,"kinbank","kinbank"
"962","kinura_Livonian",0,0,"kinbank","kinbank"
"963","kinura_MokshaMordvin",0.0909090909090909,1,"kinbank","kinbank"
"964","kinura_Nganasan",0.136363636363636,1,"kinbank","kinbank"
"965","kinura_NorthSaami",0.272727272727273,1,"kinbank","kinbank"
"966","kinura_SkoltSaami",0.181818181818182,1,"kinbank","kinbank"
"967","kinura_SouthSaami",0.227272727272727,1,"kinbank","kinbank"
"968","Komi_Zyrian",0.0909090909090909,1,"kinbank","kinbank"
"969","Magyar",0.0909090909090909,1,"kinbank","kinbank"
"970","Mansi",0.0909090909090909,1,"kinbank","kinbank"
"971","Mari",1,1,"kinbank","kinbank"
"972","Northern_Sami",0.125,1,"kinbank","kinbank"
"973","Selkup",1,1,"kinbank","kinbank"
"974","Tundra_Nenets",1,1,"kinbank","kinbank"
"975","Udmurt",0.375,1,"kinbank","kinbank"
"976","Veps",1,1,"kinbank","kinbank"
"977","Ache╠ü",0.0909090909090909,1,"kinbank","kinbank"
"978","Arawete╠ü",0.523809523809524,1,"kinbank","kinbank"
"979","Aweti╠ü",0.454545454545455,1,"kinbank","kinbank"
"980","Chiriguano",0.0909090909090909,1,"kinbank","kinbank"
"981","Cinta_Larga",1,1,"kinbank","kinbank"
"982","Cocama_Cocamilla",1,1,"kinbank","kinbank"
"983","Emerillon",1,1,"kinbank","kinbank"
"984","Guaja╠ü",1,1,"kinbank","kinbank"
"985","Guarayu",1,1,"kinbank","kinbank"
"986","Juru╠üna",0.818181818181818,1,"kinbank","kinbank"
"987","Kaiwa╠ü",1,1,"kinbank","kinbank"
"988","Kamayura╠ü",0.454545454545455,1,"kinbank","kinbank"
"989","Karitiana",1,1,"kinbank","kinbank"
"990","Kayabi╠ü",0.0909090909090909,1,"kinbank","kinbank"
"991","Mbya╠ü_Guarani╠ü",0.363636363636364,1,"kinbank","kinbank"
"992","Munduruku╠ü",0.95,1,"kinbank","kinbank"
"993","Paraguayan_Guarani╠ü",1,1,"kinbank","kinbank"
"994","Parakana╠â",0.75,1,"kinbank","kinbank"
"995","Pauserna",1,1,"kinbank","kinbank"
"996","Proto_Tupi_Guarani",1,1,"kinbank","kinbank"
"997","Satere╠ü_Mawe╠ü",1,1,"kinbank","kinbank"
"998","Siriono╠ü",0.588235294117647,1,"kinbank","kinbank"
"999","Surui╠ü",0.0909090909090909,1,"kinbank","kinbank"
"1000","Tapirape╠ü",1,1,"kinbank","kinbank"
"1001","Tembe╠ü",1,1,"kinbank","kinbank"
"1002","Tenharim",0.363636363636364,1,"kinbank","kinbank"
"1003","Tocantins_Asurini",0.736842105263158,1,"kinbank","kinbank"
"1004","Tupinamba╠ü",1,1,"kinbank","kinbank"
"1005","Tupi╠ü",1,1,"kinbank","kinbank"
"1006","Wayampi",1,1,"kinbank","kinbank"
