LANGUAGE,GENDER SYMMETRY,AGE SYMMETRY,LINEAGE SYMMETRY
,,,
Birhor,"(1, 1)","(1, 1)","(0, 1)"
,,,
Bit,"(1, 1)","(1, 0)","(0, 1)"
,,,
Car_Nicobarese,"(0, 0)","(0, 0)","(0, 1)"
,,,
Jahai_(Jehai),"(0, 1)","(0, 1)","(0, 0)"
,,,
O_du,"(1, 1)","(1, 0)","(0, 0)"
,,,
Pacoh,"(0, 0)","(1, 1)","(0, 0)"
,,,
Prai,"(1, 1)","(1, 0)","(0, 0)"
,,,
Burmese,"(1, 1)","(1, 1)","(0, 0)"
,,,
Chepang,"(1, 1)","(1, 1)","(1, 0)"
,,,
Dzonghka_Lhop,"(1, 1)","(1, 0)","(1, 1)"
,,,
Dzonghka_Sha,"(1, 1)","(1, 0)","(1, 1)"
,,,
Dzonghka_Wang,"(1, 1)","(1, 0)","(1, 1)"
,,,
Jinghpaw,"(0, 0)","(1, 0)","(0, 0)"
,,,
Lisu_,"(1, 1)","(1, 1)","(1, 1)"
,,,
Lisu_,"(1, 1)","(1, 1)","(1, 1)"
,,,
Lisu_,"(1, 1)","(1, 1)","(1, 1)"
,,,
Lisu_,"(1, 1)","(1, 1)","(1, 1)"
,,,
Manange,"(1, 1)","(0, 1)","(0, 0)"
,,,
Burmese,"(1, 1)","(1, 1)","(1, 1)"
,,,
Chinese,"(1, 1)","(1, 1)","(1, 1)"
,,,
Karen_(Pwo_dialect),"(1, 1)","(1, 0)","(0, 0)"
,,,
Karen_(Sgau_dialect),"(1, 1)","(1, 0)","(0, 0)"
,,,
Karen,"(1, 1)","(1, 0)","(1, 0)"
,,,
Prakaa,"(0, 0)","(0, 1)","(0, 0)"
,,,
Sangtam_Naga,"(0, 1)","(1, 0)","(1, 0)"
,,,
Sherpa,"(1, 1)","(1, 1)","(0, 0)"
,,,
Suzhou,"(1, 1)","(1, 1)","(1, 0)"
,,,
Suzhou,"(1, 1)","(1, 1)","(1, 0)"
,,,
Akkadian,"(1, 1)","(1, 0)","(0, 0)"
,,,
Amharic,"(1, 1)","(1, 0)","(0, 0)"
,,,
Hausa,"(1, 1)","(1, 0)","(0, 1)"
,,,
Lebanese_Arabic,"(1, 1)","(0, 0)","(1, 1)"
,,,
Old_Aramaic,"(1, 0)","(1, 0)","(0, 0)"
,,,
Polci,"(1, 1)","(0, 0)","(0, 1)"
,,,
Albanian,"(1, 1)","(1, 0)","(0, 1)"
,,,
Albanian_Tosk_,"(1, 1)","(1, 0)","(0, 1)"
,,,
Ancient_Greek,"(1, 1)","(0, 0)","(0, 0)"
,,,
Armenian,"(1, 1)","(0, 0)","(1, 1)"
,,,
Assamese,"(1, 1)","(0, 0)","(0, 1)"
,,,
Avestan,"(1, 0)","(0, 0)","(0, 0)"
,,,
Balochi,"(0, 1)","(0, 0)","(1, 1)"
,,,
Belarusian,"(1, 1)","(0, 0)","(0, 0)"
,,,
Bengali,"(1, 1)","(1, 0)","(1, 1)"
,,,
Bihari,"(1, 0)","(1, 1)","(0, 0)"
,,,
Boers,"(1, 1)","(0, 0)","(0, 0)"
,,,
Breton,"(1, 1)","(0, 0)","(0, 0)"
,,,
Bulgarian,"(1, 1)","(1, 0)","(0, 1)"
,,,
Central_Kurdish,"(1, 1)","(0, 0)","(1, 0)"
,,,
Chavacano,"(1, 1)","(1, 0)","(0, 0)"
,,,
Cornish,"(1, 1)","(0, 0)","(0, 0)"
,,,
Czech,"(1, 1)","(0, 0)","(0, 0)"
,,,
Danish,"(1, 1)","(1, 0)","(0, 1)"
,,,
Dari,"(1, 1)","(0, 0)","(1, 1)"
,,,
Dutch,"(1, 1)","(0, 0)","(0, 0)"
,,,
Eastern_Armenian,"(1, 1)","(1, 0)","(0, 1)"
,,,
Eastern_Pahari_Nepali_,"(1, 0)","(1, 0)","(0, 0)"
,,,
Eastern_Yiddish,"(1, 1)","(1, 0)","(0, 1)"
,,,
English,"(1, 1)","(0, 0)","(0, 0)"
,,,
Frisian,"(1, 1)","(1, 0)","(0, 0)"
,,,
German,"(1, 1)","(0, 0)","(0, 0)"
,,,
Gothic,"(1, 0)","(0, 0)","(0, 0)"
,,,
Gujarati,"(1, 1)","(1, 0)","(1, 1)"
,,,
Hindi,"(1, 1)","(1, 0)","(1, 1)"
,,,
Hittite,"(1, 0)","(0, 0)","(0, 0)"
,,,
Icelandic,"(1, 1)","(0, 0)","(0, 1)"
,,,
Irish,"(1, 1)","(0, 0)","(0, 1)"
,,,
Italian,"(1, 1)","(0, 0)","(0, 0)"
,,,
Jamaican_Creole,"(1, 1)","(1, 0)","(0, 1)"
,,,
Judeo_Tat,"(1, 1)","(1, 0)","(0, 1)"
,,,
Kashmiri,"(1, 1)","(0, 0)","(1, 1)"
,,,
Kriol_Roper_River,"(1, 1)","(0, 0)","(1, 1)"
,,,
Kristang_(Malacca_Creole_Portugese),"(1, 1)","(0, 0)","(0, 0)"
,,,
Kumaoni,"(1, 1)","(1, 1)","(0, 1)"
,,,
Lahnda,"(1, 1)","(0, 0)","(1, 1)"
,,,
Latin,"(1, 1)","(1, 0)","(0, 1)"
,,,
Latin_,"(1, 1)","(0, 0)","(1, 1)"
,,,
Latvian,"(1, 1)","(1, 0)","(0, 0)"
,,,
Lithuanian,"(1, 1)","(0, 0)","(0, 0)"
,,,
Luxembourgish,"(1, 1)","(1, 0)","(0, 0)"
,,,
Macedonian,"(1, 1)","(1, 0)","(0, 0)"
,,,
Mahasu_Pahari,"(1, 1)","(0, 0)","(0, 1)"
,,,
Maithili,"(1, 1)","(1, 0)","(1, 1)"
,,,
Marathi,"(1, 1)","(1, 0)","(1, 1)"
,,,
Marwari_India_,"(1, 1)","(1, 0)","(1, 1)"
,,,
Middle_English,"(1, 1)","(0, 0)","(0, 0)"
,,,
Middle_High_German,"(1, 1)","(0, 0)","(1, 1)"
,,,
Modern_Greek,"(1, 1)","(0, 0)","(0, 0)"
,,,
Modern_Welsh,"(1, 1)","(0, 0)","(0, 0)"
,,,
Benga╠éli,"(1, 1)","(1, 0)","(1, 1)"
,,,
Gujarati,"(1, 1)","(1, 0)","(0, 1)"
,,,
Hindi,"(1, 1)","(1, 0)","(1, 1)"
,,,
Mara╠éthi╠é,"(1, 1)","(1, 0)","(1, 1)"
,,,
Negerhollands,"(1, 0)","(0, 0)","(0, 0)"
,,,
Nepali,"(1, 1)","(1, 1)","(1, 1)"
,,,
Northern_Kurdish,"(1, 1)","(0, 0)","(1, 1)"
,,,
Norwegian_Bokma╠èl,"(1, 1)","(0, 0)","(0, 0)"
,,,
Old_Church_Slavonic,"(1, 0)","(0, 0)","(0, 0)"
,,,
Old_English_ca_450_1100_,"(1, 1)","(0, 0)","(0, 1)"
,,,
Old_High_German_ca_750_1050_,"(1, 0)","(0, 0)","(0, 0)"
,,,
Old_Irish,"(1, 1)","(0, 0)","(0, 1)"
,,,
Old_Norse,"(1, 1)","(0, 0)","(0, 1)"
,,,
Old_Prussian,"(1, 0)","(0, 0)","(0, 0)"
,,,
Old_Russian,"(1, 1)","(0, 0)","(1, 1)"
,,,
Old_Welsh,"(1, 0)","(0, 0)","(0, 0)"
,,,
Oriya,"(1, 1)","(1, 0)","(1, 1)"
,,,
Ossetian,"(1, 1)","(0, 0)","(1, 1)"
,,,
Ossetic,"(1, 0)","(0, 0)","(0, 0)"
,,,
Panjabi,"(1, 1)","(1, 0)","(1, 1)"
,,,
Pashto,"(1, 1)","(1, 0)","(1, 0)"
,,,
Polish,"(1, 1)","(0, 0)","(1, 1)"
,,,
Portuguese,"(1, 1)","(0, 0)","(0, 0)"
,,,
Romanian,"(1, 1)","(1, 0)","(0, 0)"
,,,
Russian,"(1, 1)","(0, 0)","(0, 0)"
,,,
Russian_,"(1, 1)","(0, 0)","(0, 0)"
,,,
Sanskrit,"(1, 1)","(1, 0)","(1, 1)"
,,,
Sardinian,"(1, 1)","(0, 0)","(0, 0)"
,,,
Saterfriesisch,"(1, 1)","(0, 0)","(0, 0)"
,,,
Serbocroation,"(1, 1)","(0, 0)","(1, 0)"
,,,
Serbs,"(1, 1)","(0, 0)","(0, 0)"
,,,
Sindhi,"(1, 1)","(1, 0)","(1, 1)"
,,,
Sinhala,"(1, 1)","(1, 1)","(1, 1)"
,,,
Slovakian,"(1, 1)","(0, 0)","(0, 0)"
,,,
Slovenian,"(1, 1)","(0, 0)","(0, 0)"
,,,
Standard_Catalan,"(1, 1)","(0, 0)","(0, 0)"
,,,
Standard_English,"(1, 1)","(0, 0)","(0, 0)"
,,,
Standard_French,"(1, 1)","(1, 0)","(0, 0)"
,,,
Standard_German,"(1, 1)","(0, 0)","(0, 0)"
,,,
Standard_Spanish,"(1, 1)","(1, 0)","(0, 0)"
,,,
Swedish,"(1, 1)","(1, 0)","(0, 1)"
,,,
Tajik,"(1, 1)","(1, 0)","(0, 1)"
,,,
Tokharian_A,"(1, 0)","(0, 0)","(0, 0)"
,,,
Tokharian_B,"(1, 0)","(0, 0)","(0, 0)"
,,,
Tok_Pisin,"(1, 1)","(0, 0)","(1, 1)"
,,,
Torres_Strait_Creole_(Broken),"(1, 1)","(0, 0)","(0, 1)"
,,,
Ukrainian,"(1, 1)","(0, 0)","(1, 1)"
,,,
Urdu,"(1, 1)","(1, 0)","(1, 1)"
,,,
Vlax_Romani,"(1, 1)","(0, 0)","(0, 0)"
,,,
Wallon,"(1, 1)","(0, 0)","(0, 0)"
,,,
Western_Armenian,"(1, 1)","(1, 0)","(0, 1)"
,,,
Western_Farsi,"(1, 1)","(1, 0)","(1, 1)"
,,,
Western_Panjabi,"(1, 1)","(1, 0)","(0, 1)"
,,,
Shipibo,"(1, 1)","(1, 0)","(0, 1)"
,,,
East_Kewa,"(1, 1)","(0, 0)","(0, 1)"
,,,
Erave_(South_Kewa),"(1, 1)","(0, 0)","(0, 1)"
,,,
Kalam,"(1, 1)","(1, 0)","(1, 1)"
,,,
Komba,"(1, 1)","(0, 0)","(1, 1)"
,,,
Ku_Waru,"(1, 1)","(0, 0)","(0, 1)"
,,,
Kyaka,"(1, 1)","(0, 0)","(0, 1)"
,,,
Proto_Sogeram,"(0, 1)","(1, 1)","(1, 0)"
,,,
West_Kewa,"(1, 1)","(0, 0)","(0, 1)"
,,,
Adnyamathanha,"(1, 1)","(1, 1)","(0, 1)"
,,,
Alyawarr,"(1, 1)","(1, 0)","(1, 1)"
,,,
Arabana,"(1, 1)","(1, 0)","(0, 0)"
,,,
Arabana_,"(1, 0)","(1, 0)","(1, 0)"
,,,
Badimaya,"(1, 1)","(1, 0)","(0, 0)"
,,,
Bandjalang,"(1, 1)","(1, 0)","(1, 1)"
,,,
Bindal,"(1, 0)","(0, 0)","(0, 0)"
,,,
Biri,"(1, 1)","(1, 0)","(1, 0)"
,,,
Bunganditj,"(1, 1)","(1, 1)","(1, 1)"
,,,
Dharumbal,"(1, 1)","(1, 0)","(0, 1)"
,,,
Dharumbal_,"(1, 1)","(1, 0)","(0, 1)"
,,,
Dhuwal-Dhuwala_(Yolngu),"(1, 1)","(0, 0)","(1, 1)"
,,,
Dhuwal,"(0, 0)","(1, 0)","(0, 0)"
,,,
Diyari,"(1, 1)","(1, 0)","(1, 1)"
,,,
Diyari_,"(1, 1)","(1, 0)","(1, 1)"
,,,
Djambarrpuyngu,"(0, 1)","(1, 0)","(0, 1)"
,,,
Djapu,"(1, 1)","(0, 0)","(0, 1)"
,,,
Djinang,"(1, 0)","(0, 0)","(0, 0)"
,,,
Djinang_,"(1, 0)","(0, 0)","(0, 0)"
,,,
Duungidjawu,"(1, 1)","(1, 0)","(0, 1)"
,,,
Dyirbal,"(1, 1)","(1, 1)","(0, 1)"
,,,
FlindersIsland,"(0, 0)","(0, 0)","(0, 0)"
,,,
Gumatj,"(1, 1)","(1, 0)","(1, 1)"
,,,
Gumbaynggir,"(1, 1)","(1, 0)","(1, 0)"
,,,
Gunya,"(1, 1)","(1, 0)","(0, 1)"
,,,
Gupapuyngu,"(1, 1)","(1, 0)","(1, 1)"
,,,
Gurindji,"(0, 1)","(1, 0)","(0, 0)"
,,,
Guugu_Yimidhirr,"(1, 1)","(1, 1)","(0, 1)"
,,,
Guugu_Yimidhirr_,"(1, 1)","(1, 1)","(0, 1)"
,,,
Jaru,"(1, 1)","(0, 0)","(1, 1)"
,,,
Kala_Lagaw_Ya,"(1, 1)","(0, 0)","(0, 1)"
,,,
Kalkatungu,"(1, 1)","(1, 0)","(1, 1)"
,,,
Karajarri,"(0, 1)","(1, 0)","(0, 1)"
,,,
Kariyarra,"(1, 1)","(1, 0)","(1, 1)"
,,,
Kartujarra,"(1, 1)","(1, 0)","(1, 1)"
,,,
Karuwali,"(0, 0)","(0, 0)","(0, 0)"
,,,
Kaurna,"(0, 1)","(1, 0)","(1, 0)"
,,,
Kukatja,"(1, 1)","(1, 1)","(0, 1)"
,,,
Kuku-Yalanji,"(1, 1)","(1, 0)","(1, 1)"
,,,
KukuYalanji,"(1, 1)","(1, 1)","(0, 1)"
,,,
Kunjen,"(1, 0)","(1, 0)","(0, 0)"
,,,
Kuuku_Ya'u,"(0, 1)","(1, 1)","(0, 1)"
,,,
Malgana,"(1, 0)","(1, 0)","(0, 0)"
,,,
Malgana_,"(0, 0)","(0, 0)","(0, 0)"
,,,
Margany,"(1, 1)","(1, 0)","(0, 1)"
,,,
MartuWangka,"(1, 1)","(1, 0)","(1, 1)"
,,,
Mudburra,"(0, 0)","(1, 0)","(0, 0)"
,,,
Muruwari,"(1, 1)","(1, 0)","(0, 1)"
,,,
Ngaanyatjarra,"(0, 1)","(1, 0)","(0, 1)"
,,,
Ngaatjatjarra,"(0, 0)","(1, 0)","(0, 0)"
,,,
Ngadjumaya,"(1, 1)","(1, 0)","(0, 0)"
,,,
Ngarinyman,"(0, 1)","(1, 0)","(0, 1)"
,,,
Ngarla,"(1, 0)","(1, 0)","(0, 0)"
,,,
Ngarluma,"(1, 0)","(1, 0)","(0, 0)"
,,,
Ngarrindjeri,"(1, 0)","(1, 0)","(0, 0)"
,,,
Ngiyambaa,"(1, 1)","(1, 0)","(0, 0)"
,,,
Nhanta,"(1, 1)","(1, 0)","(1, 1)"
,,,
Nyamal,"(1, 1)","(1, 0)","(0, 1)"
,,,
Nyangumarta,"(0, 1)","(1, 0)","(0, 1)"
,,,
Nyawaygi,"(1, 0)","(1, 0)","(0, 0)"
,,,
Paakantyi,"(1, 0)","(1, 1)","(0, 0)"
,,,
Payungu,"(1, 1)","(1, 0)","(0, 1)"
,,,
PintupiLuritja,"(0, 1)","(1, 0)","(0, 1)"
,,,
Pirriya,"(1, 0)","(1, 0)","(0, 0)"
,,,
Pitjantjatjara,"(0, 1)","(1, 1)","(0, 1)"
,,,
Pitta_Pitta,"(1, 1)","(1, 0)","(1, 1)"
,,,
Ritharrngu,"(0, 1)","(1, 0)","(1, 1)"
,,,
Thayore_(Kuuk_Thaayorre),"(1, 1)","(1, 1)","(0, 1)"
,,,
Umpila,"(0, 1)","(0, 1)","(0, 1)"
,,,
Uradhi_(Atampaya),"(0, 0)","(1, 1)","(0, 0)"
,,,
Wajarri,"(0, 1)","(1, 0)","(0, 1)"
,,,
Wakaya,"(1, 1)","(1, 0)","(0, 1)"
,,,
Wangkajunga,"(1, 1)","(1, 0)","(0, 1)"
,,,
Wangkangurru,"(1, 0)","(1, 0)","(0, 0)"
,,,
Wangkangurru_,"(1, 0)","(1, 0)","(1, 0)"
,,,
Wangkumara,"(1, 0)","(1, 0)","(0, 0)"
,,,
Warlmanpa,"(0, 0)","(1, 0)","(0, 0)"
,,,
Warlpiri,"(1, 1)","(1, 0)","(1, 1)"
,,,
Warlpiri_,"(1, 1)","(1, 0)","(0, 1)"
,,,
Warnman,"(0, 1)","(1, 0)","(0, 0)"
,,,
Warrnambool,"(1, 1)","(1, 0)","(1, 1)"
,,,
Warumungu,"(1, 1)","(1, 0)","(0, 1)"
,,,
Warungu,"(0, 1)","(1, 0)","(0, 1)"
,,,
Wathwurrung,"(1, 1)","(1, 0)","(0, 0)"
,,,
WikMungkan,"(1, 1)","(1, 1)","(0, 0)"
,,,
Wiradjuri,"(1, 1)","(1, 0)","(0, 0)"
,,,
Wirangu,"(1, 1)","(1, 0)","(0, 1)"
,,,
Woiwurrung,"(1, 0)","(1, 0)","(0, 0)"
,,,
Wulguru,"(1, 1)","(0, 0)","(0, 1)"
,,,
Yadhaykenu,"(1, 1)","(1, 1)","(0, 1)"
,,,
Yalarnnga,"(0, 1)","(1, 0)","(0, 0)"
,,,
Yalarnnga_,"(0, 1)","(1, 0)","(0, 1)"
,,,
Yandruwandha,"(1, 1)","(1, 0)","(0, 1)"
,,,
Yandruwandha_,"(0, 1)","(1, 0)","(1, 1)"
,,,
Yanyuwa,"(0, 1)","(1, 0)","(0, 1)"
,,,
Yarluyandi,"(0, 1)","(1, 1)","(0, 1)"
,,,
Yidiny,"(1, 1)","(0, 0)","(0, 1)"
,,,
Yidiny_,"(1, 1)","(0, 0)","(1, 1)"
,,,
Yindjibarndi,"(1, 1)","(1, 1)","(0, 1)"
,,,
Yir-Yoront,"(1, 0)","(1, 1)","(0, 0)"
,,,
Yorta_Yorta,"(1, 0)","(1, 0)","(0, 0)"
,,,
Yugambal_(Yugambeh),"(1, 1)","(0, 0)","(1, 1)"
,,,
Yugambeh,"(1, 1)","(1, 0)","(0, 0)"
,,,
Yulparija,"(1, 1)","(1, 0)","(0, 1)"
,,,
Yuwaalaraay,"(1, 1)","(1, 0)","(1, 1)"
,,,
Dehong,"(0, 1)","(1, 1)","(0, 1)"
,,,
Turung,"(1, 1)","(1, 1)","(1, 1)"
,,,
Abui,"(1, 1)","(1, 1)","(1, 1)"
,,,
Achuar,"(1, 0)","(0, 0)","(0, 0)"
,,,
Adang,"(0, 1)","(1, 0)","(0, 0)"
,,,
Agob-Ende-Kawam,"(0, 1)","(1, 0)","(1, 1)"
,,,
Aguaruna,"(1, 1)","(0, 0)","(0, 1)"
,,,
Alamblak,"(1, 1)","(0, 0)","(1, 1)"
,,,
Amanab,"(1, 1)","(0, 1)","(0, 1)"
,,,
Angaite,"(0, 1)","(0, 0)","(0, 1)"
,,,
ASF_Auslan,"(1, 1)","(0, 0)","(0, 0)"
,,,
Atsugewi,"(0, 1)","(1, 0)","(0, 1)"
,,,
Au,"(1, 1)","(0, 0)","(1, 1)"
,,,
Awa,"(1, 1)","(0, 0)","(0, 0)"
,,,
Awiakay,"(1, 1)","(0, 1)","(0, 1)"
,,,
Ayoreo,"(1, 1)","(1, 0)","(0, 1)"
,,,
Bardi,"(1, 1)","(0, 0)","(1, 1)"
,,,
Bari,"(1, 1)","(0, 0)","(0, 1)"
,,,
Baruya,"(1, 1)","(1, 0)","(1, 1)"
,,,
Basque,"(1, 1)","(0, 0)","(0, 1)"
,,,
Basque,"(1, 1)","(1, 0)","(0, 0)"
,,,
Berik,"(0, 1)","(1, 0)","(1, 0)"
,,,
Bilua,"(0, 1)","(1, 0)","(0, 0)"
,,,
Bininj_Kun-wok,"(1, 1)","(1, 1)","(1, 1)"
,,,
Blagar,"(1, 1)","(0, 0)","(1, 0)"
,,,
Buin,"(1, 1)","(1, 0)","(0, 1)"
,,,
Cayubaba,"(1, 0)","(0, 0)","(0, 0)"
,,,
Central_Aymara,"(1, 0)","(1, 0)","(0, 0)"
,,,
Cha_palaa,"(1, 1)","(1, 0)","(0, 1)"
,,,
Chimariko,"(1, 1)","(0, 0)","(0, 1)"
,,,
Chipaya,"(0, 0)","(1, 0)","(0, 0)"
,,,
Chiricahua,"(1, 0)","(0, 0)","(1, 1)"
,,,
Coastal_Yuki_,"(0, 1)","(0, 0)","(0, 0)"
,,,
Cocopa,"(1, 1)","(1, 1)","(0, 1)"
,,,
Cofan,"(1, 0)","(0, 0)","(0, 0)"
,,,
Copper_Inuit,"(1, 0)","(1, 0)","(0, 0)"
,,,
Cruzen╠âo,"(1, 0)","(1, 0)","(0, 0)"
,,,
Cubeo,"(1, 1)","(0, 0)","(1, 1)"
,,,
Cusco_Quechua,"(1, 1)","(0, 0)","(0, 1)"
,,,
Dalabon,"(1, 1)","(0, 1)","(1, 1)"
,,,
Daribi,"(1, 1)","(0, 0)","(1, 1)"
,,,
Degexit_an,"(1, 0)","(0, 0)","(0, 0)"
,,,
DeneTha_South_Slavey_,"(1, 1)","(1, 0)","(0, 1)"
,,,
Dene_Suline╠ü,"(1, 1)","(1, 0)","(0, 0)"
,,,
De╠üli╠¿ne,"(1, 1)","(1, 0)","(0, 1)"
,,,
Dogrib,"(1, 0)","(1, 0)","(0, 0)"
,,,
Doutai,"(1, 1)","(0, 0)","(0, 1)"
,,,
Duna,"(1, 1)","(0, 0)","(1, 1)"
,,,
Edopi,"(1, 1)","(0, 0)","(0, 1)"
,,,
Eipo,"(1, 1)","(1, 0)","(1, 1)"
,,,
Ekari,"(1, 1)","(0, 0)","(1, 1)"
,,,
Elamite,"(1, 0)","(0, 0)","(0, 0)"
,,,
Ende_(Papua_New_Guinea),"(1, 1)","(0, 1)","(0, 1)"
,,,
Epena,"(1, 0)","(1, 0)","(0, 0)"
,,,
Eyak,"(0, 1)","(0, 0)","(0, 1)"
,,,
Foi,"(1, 1)","(0, 0)","(1, 1)"
,,,
Fore,"(1, 1)","(1, 0)","(1, 1)"
,,,
Galeia_A,"(1, 0)","(0, 0)","(0, 0)"
,,,
Galeia_B,"(1, 1)","(0, 1)","(0, 1)"
,,,
Ganggalida,"(1, 1)","(1, 1)","(1, 1)"
,,,
Gimi,"(1, 1)","(0, 0)","(1, 0)"
,,,
Grand_Valley_Dani,"(1, 1)","(0, 0)","(1, 1)"
,,,
Gui_(Gwi),"(0, 1)","(1, 1)","(1, 1)"
,,,
Gu╠ênu╠êna_Ku╠êne,"(1, 1)","(0, 0)","(0, 1)"
,,,
Hewa,"(1, 1)","(0, 0)","(1, 1)"
,,,
Hoti_Yuwana_,"(1, 0)","(1, 0)","(0, 0)"
,,,
Huli,"(1, 1)","(0, 0)","(1, 1)"
,,,
Hunza,"(1, 0)","(0, 0)","(0, 0)"
,,,
Hupa,"(1, 1)","(1, 0)","(0, 1)"
,,,
I'saka_(Krisa),"(1, 1)","(1, 1)","(0, 1)"
,,,
Iau,"(1, 1)","(1, 0)","(0, 0)"
,,,
Idi,"(0, 1)","(1, 1)","(1, 1)"
,,,
Inanwatan_(Suabo),"(1, 1)","(1, 0)","(0, 0)"
,,,
Isirawa,"(0, 1)","(1, 1)","(0, 1)"
,,,
Itonama,"(1, 0)","(0, 0)","(0, 0)"
,,,
Iwam,"(1, 1)","(0, 1)","(1, 1)"
,,,
Iyojwa_ja_Chorote,"(1, 0)","(0, 0)","(0, 0)"
,,,
Japanese,"(1, 1)","(1, 0)","(0, 0)"
,,,
Jicarilla,"(1, 1)","(0, 0)","(1, 1)"
,,,
Jingulu,"(1, 1)","(1, 0)","(1, 1)"
,,,
Kalamang,"(1, 1)","(1, 1)","(1, 1)"
,,,
Kamang,"(1, 1)","(1, 1)","(0, 1)"
,,,
Kamano,"(1, 1)","(0, 0)","(1, 1)"
,,,
Kanum,"(0, 0)","(0, 0)","(0, 0)"
,,,
Karok,"(1, 1)","(1, 0)","(0, 1)"
,,,
Kashaya,"(1, 1)","(1, 1)","(0, 1)"
,,,
Kaure,"(1, 1)","(0, 1)","(1, 1)"
,,,
Kayardild,"(1, 1)","(0, 0)","(1, 1)"
,,,
Kemiju_(Jate),"(1, 1)","(0, 0)","(1, 1)"
,,,
Kemtuik,"(1, 1)","(0, 1)","(0, 1)"
,,,
Ketengban,"(1, 1)","(1, 0)","(1, 1)"
,,,
Ket,"(1, 0)","(1, 1)","(0, 0)"
,,,
Kewa,"(1, 1)","(0, 0)","(1, 1)"
,,,
Keyagana_(Jate),"(1, 1)","(0, 0)","(1, 1)"
,,,
Khalkha-Mongolian,"(0, 1)","(1, 0)","(1, 1)"
,,,
Kilmeri,"(1, 1)","(0, 0)","(0, 1)"
,,,
Kimaama,"(0, 1)","(1, 0)","(0, 0)"
,,,
Kiowa_Apache,"(1, 1)","(0, 0)","(0, 1)"
,,,
Kiraman,"(1, 1)","(1, 0)","(1, 0)"
,,,
Kiwaian,"(1, 1)","(1, 1)","(1, 1)"
,,,
Klon,"(1, 0)","(1, 0)","(0, 0)"
,,,
Kogi,"(1, 1)","(1, 0)","(0, 0)"
,,,
Koiari,"(0, 1)","(0, 0)","(0, 1)"
,,,
Kombai,"(1, 1)","(1, 0)","(1, 1)"
,,,
Komnzo,"(0, 1)","(1, 0)","(1, 1)"
,,,
Konda_(Western_Dani),"(1, 1)","(1, 1)","(1, 1)"
,,,
Korafe,"(1, 1)","(1, 0)","(0, 1)"
,,,
Korowai,"(1, 1)","(1, 0)","(1, 1)"
,,,
Kuman,"(1, 1)","(1, 0)","(0, 1)"
,,,
Kung,"(0, 0)","(1, 0)","(1, 0)"
,,,
Kunimaipa,"(1, 1)","(1, 0)","(1, 1)"
,,,
Kunza,"(1, 0)","(0, 0)","(0, 0)"
,,,
Kuot,"(1, 1)","(0, 0)","(0, 0)"
,,,
Kwoma,"(1, 1)","(0, 1)","(0, 1)"
,,,
Lake_Miwok,"(1, 0)","(1, 0)","(1, 0)"
,,,
Lardil,"(1, 1)","(0, 0)","(0, 1)"
,,,
Lengua,"(0, 1)","(0, 0)","(0, 1)"
,,,
Limilngan,"(1, 0)","(1, 0)","(0, 0)"
,,,
Lipan_Apache,"(1, 1)","(0, 0)","(0, 1)"
,,,
Loloda-Laba_(Loda),"(1, 1)","(0, 1)","(0, 1)"
,,,
Maca,"(0, 0)","(0, 0)","(0, 0)"
,,,
Madole,"(0, 1)","(0, 0)","(0, 0)"
,,,
Mairasi,"(0, 1)","(1, 0)","(0, 1)"
,,,
Maklew,"(0, 0)","(1, 0)","(0, 0)"
,,,
Mala,"(1, 1)","(1, 0)","(0, 1)"
,,,
Mali,"(1, 0)","(1, 0)","(0, 0)"
,,,
Mapudungun,"(0, 1)","(1, 0)","(0, 1)"
,,,
Marind,"(1, 1)","(1, 0)","(1, 1)"
,,,
Marra,"(1, 1)","(1, 1)","(0, 1)"
,,,
Mattole,"(0, 0)","(0, 0)","(0, 0)"
,,,
Maybrat,"(1, 1)","(0, 0)","(1, 1)"
,,,
Mblafe,"(1, 0)","(0, 0)","(0, 0)"
,,,
Meriam,"(1, 1)","(0, 0)","(1, 0)"
,,,
Meyah,"(1, 1)","(1, 0)","(1, 0)"
,,,
Miani,"(1, 1)","(1, 1)","(1, 1)"
,,,
Midob,"(1, 1)","(1, 0)","(1, 1)"
,,,
Mocovi╠ü,"(1, 1)","(1, 0)","(0, 0)"
,,,
Momu-Fas,"(1, 1)","(0, 0)","(0, 1)"
,,,
Moni,"(1, 1)","(1, 0)","(1, 1)"
,,,
Monumbo,"(1, 1)","(1, 0)","(1, 0)"
,,,
Arikara_(Arickaree),"(1, 1)","(0, 0)","(0, 0)"
,,,
Assiniboine_(Asiniboine),"(1, 1)","(1, 0)","(1, 1)"
,,,
"Baffin_Inuktitut_(Eskimo,_Northumberland_Inlet)","(1, 1)","(1, 0)","(0, 1)"
,,,
Cayuga,"(1, 1)","(1, 0)","(1, 0)"
,,,
Cherokee,"(1, 1)","(1, 0)","(1, 1)"
,,,
Chibcha_(New_Granada),"(1, 1)","(1, 0)","(1, 1)"
,,,
Chickasa,"(1, 1)","(0, 0)","(1, 1)"
,,,
Choctaw_(1),"(1, 1)","(0, 0)","(1, 1)"
,,,
Choctaw_(2),"(1, 1)","(0, 0)","(1, 1)"
,,,
Creek,"(1, 1)","(0, 0)","(1, 1)"
,,,
Crow,"(1, 1)","(1, 0)","(1, 0)"
,,,
Dakota_Blackfoot,"(1, 1)","(1, 0)","(1, 1)"
,,,
Dakota_Brule,"(1, 1)","(1, 0)","(1, 1)"
,,,
Dakota_Isauntie,"(1, 1)","(1, 0)","(1, 1)"
,,,
Dakota_Ogalalla,"(1, 1)","(1, 0)","(1, 1)"
,,,
Dakota_Sisseton,"(1, 1)","(1, 0)","(1, 1)"
,,,
Dakota_Uncpapa,"(1, 1)","(1, 0)","(1, 1)"
,,,
Dakota_Yanktonais,"(1, 1)","(1, 0)","(1, 1)"
,,,
Dakota_Yankton,"(1, 1)","(1, 0)","(1, 1)"
,,,
Grand_Pawnee,"(1, 1)","(1, 0)","(1, 0)"
,,,
Hare_Indians_or_Ta╠ê-na╠ê'-tin-ne,"(1, 1)","(1, 0)","(1, 1)"
,,,
Iowa╠ê,"(1, 1)","(1, 0)","(1, 1)"
,,,
Japanese,"(1, 1)","(1, 0)","(1, 0)"
,,,
"Kalaallisut_(Eskimo,_Greenland)","(1, 1)","(1, 0)","(0, 1)"
,,,
Kaw,"(1, 1)","(1, 0)","(1, 1)"
,,,
Kootenay,"(1, 1)","(1, 0)","(0, 1)"
,,,
"Ku╠îtchin,_or_Louchieux","(1, 1)","(1, 0)","(1, 1)"
,,,
Laguna,"(1, 0)","(1, 0)","(0, 0)"
,,,
Mandan,"(1, 1)","(1, 0)","(0, 1)"
,,,
Minnitaree,"(1, 1)","(1, 0)","(1, 1)"
,,,
Mohawk,"(1, 1)","(1, 0)","(1, 1)"
,,,
Mountain_Cherokee,"(1, 1)","(1, 0)","(1, 1)"
,,,
Omaha╠ê,"(1, 1)","(1, 0)","(1, 1)"
,,,
Oneida,"(1, 1)","(1, 0)","(1, 0)"
,,,
Onondaga,"(1, 1)","(1, 0)","(1, 0)"
,,,
Osage,"(1, 1)","(1, 0)","(1, 1)"
,,,
Otoe,"(1, 1)","(1, 0)","(1, 1)"
,,,
Punka╠ê,"(1, 1)","(1, 0)","(1, 1)"
,,,
"Red-knife,_or_Ta╠êl-sote'e-na╠ê","(1, 1)","(1, 0)","(1, 1)"
,,,
Republican_Pawnee,"(1, 1)","(0, 0)","(1, 0)"
,,,
Seneca,"(1, 1)","(1, 0)","(1, 1)"
,,,
Slave_Lake_Indians_or_A-cha'o-tin-ne,"(1, 1)","(1, 0)","(1, 1)"
,,,
Tabasco_Chontal_(Chontal_Tabasco),"(1, 0)","(1, 0)","(0, 0)"
,,,
Tesuque,"(1, 0)","(0, 0)","(0, 0)"
,,,
Tukuthe,"(1, 1)","(1, 0)","(1, 0)"
,,,
Tuscarora,"(0, 1)","(1, 0)","(1, 1)"
,,,
Two_Mountain_Iroquios,"(1, 1)","(1, 0)","(1, 1)"
,,,
"Western_Canadian_Inuktitut_(Eskimo,_West_of_Hudson's_Bay)","(1, 0)","(1, 0)","(0, 0)"
,,,
Winnebagoe,"(1, 1)","(1, 0)","(1, 1)"
,,,
Wyandote,"(1, 1)","(1, 0)","(1, 1)"
,,,
Yakama,"(1, 1)","(1, 0)","(0, 1)"
,,,
Mosete╠ün_Chimane╠ü,"(1, 1)","(1, 0)","(0, 1)"
,,,
Movima,"(0, 1)","(1, 0)","(0, 0)"
,,,
Muisca_Chibcha_,"(0, 1)","(1, 0)","(0, 1)"
,,,
Murrinhpatha,"(1, 1)","(0, 0)","(1, 1)"
,,,
Nagovisi,"(1, 1)","(1, 0)","(1, 1)"
,,,
Nama,"(1, 1)","(1, 1)","(1, 1)"
,,,
Nambo,"(1, 1)","(1, 1)","(1, 1)"
,,,
Nasioi,"(1, 1)","(0, 0)","(1, 1)"
,,,
Navajo,"(1, 1)","(1, 0)","(0, 1)"
,,,
Negwa_(Yagwoia),"(1, 1)","(1, 0)","(1, 1)"
,,,
Neme,"(0, 1)","(1, 0)","(1, 1)"
,,,
Nen,"(1, 1)","(1, 1)","(1, 1)"
,,,
Nen_,"(0, 1)","(1, 1)","(1, 1)"
,,,
Netsilik,"(1, 1)","(0, 1)","(0, 1)"
,,,
Nimboran,"(1, 1)","(0, 0)","(0, 1)"
,,,
Ninam,"(0, 1)","(0, 0)","(0, 1)"
,,,
Nivacle,"(0, 1)","(0, 0)","(0, 0)"
,,,
Northeastern_Maidu,"(1, 1)","(1, 0)","(1, 1)"
,,,
Northern_Embera,"(1, 1)","(1, 0)","(0, 0)"
,,,
Northern_Haida,"(0, 0)","(1, 0)","(0, 0)"
,,,
Northern_Pomo,"(1, 1)","(1, 1)","(1, 1)"
,,,
NorthMuyu,"(1, 1)","(1, 0)","(1, 1)"
,,,
Northwestern_Maidu,"(1, 1)","(1, 0)","(1, 1)"
,,,
Nunamiut,"(1, 1)","(1, 0)","(0, 0)"
,,,
Nungon,"(1, 1)","(1, 0)","(1, 0)"
,,,
Nuu_Chah_Nulth,"(1, 0)","(0, 0)","(0, 0)"
,,,
Nyulnyul,"(1, 1)","(0, 0)","(0, 1)"
,,,
Onobasulu,"(1, 1)","(0, 0)","(0, 1)"
,,,
Pagu,"(1, 1)","(0, 0)","(0, 0)"
,,,
Pa╠üez,"(0, 1)","(0, 0)","(0, 1)"
,,,
Pilaga╠ü,"(1, 1)","(1, 0)","(0, 0)"
,,,
Puinave,"(1, 1)","(1, 0)","(0, 1)"
,,,
Pume╠ü,"(1, 1)","(1, 0)","(0, 1)"
,,,
Qawasquar,"(1, 0)","(1, 0)","(0, 0)"
,,,
Quechan,"(1, 1)","(0, 1)","(0, 0)"
,,,
Riantana,"(0, 0)","(0, 0)","(0, 0)"
,,,
Rotokas,"(1, 1)","(0, 0)","(1, 1)"
,,,
Sanapana,"(0, 1)","(0, 0)","(0, 1)"
,,,
Savosavo,"(1, 1)","(0, 0)","(0, 0)"
,,,
Sawi,"(1, 1)","(1, 0)","(1, 1)"
,,,
Selk_nam,"(1, 1)","(1, 0)","(0, 1)"
,,,
Seri,"(1, 1)","(0, 0)","(0, 1)"
,,,
Setaman_Baktamin,"(1, 1)","(1, 1)","(1, 1)"
,,,
Shasta,"(1, 1)","(1, 0)","(0, 1)"
,,,
Sion,"(0, 0)","(0, 0)","(0, 0)"
,,,
Siwai_Motuna,"(1, 1)","(0, 0)","(0, 1)"
,,,
Sougb,"(1, 1)","(1, 0)","(1, 0)"
,,,
Southern_Coastal_Tsimshian,"(1, 0)","(0, 0)","(0, 0)"
,,,
Suki,"(1, 1)","(1, 1)","(1, 1)"
,,,
Tabla,"(0, 1)","(1, 0)","(0, 1)"
,,,
Taiap,"(1, 1)","(0, 1)","(0, 1)"
,,,
Tehuelche,"(0, 1)","(0, 0)","(0, 0)"
,,,
Teiwa,"(0, 1)","(1, 0)","(0, 1)"
,,,
Telefol,"(1, 1)","(1, 1)","(1, 1)"
,,,
Tidore_(version_1),"(1, 1)","(0, 0)","(0, 0)"
,,,
Tidore_(version_2)_,"(1, 1)","(0, 0)","(0, 0)"
,,,
Tidore,"(1, 1)","(0, 1)","(0, 1)"
,,,
Tlingit,"(0, 1)","(1, 0)","(0, 1)"
,,,
Toba,"(1, 1)","(1, 0)","(0, 0)"
,,,
Tolowa,"(1, 0)","(1, 0)","(0, 0)"
,,,
Touo,"(1, 1)","(0, 0)","(1, 1)"
,,,
Trumai,"(1, 1)","(1, 0)","(0, 1)"
,,,
Tsafiki,"(1, 1)","(0, 0)","(0, 0)"
,,,
Tucanoan_Bara╠ü,"(1, 1)","(1, 0)","(0, 1)"
,,,
Tucano,"(1, 1)","(1, 0)","(0, 1)"
,,,
Tuyuca,"(1, 1)","(0, 0)","(0, 1)"
,,,
Tzeltal,"(1, 1)","(1, 0)","(0, 0)"
,,,
Umbu-Ungu,"(1, 1)","(1, 0)","(1, 1)"
,,,
Usurufa,"(1, 1)","(0, 0)","(1, 1)"
,,,
Waffa,"(1, 1)","(1, 1)","(1, 1)"
,,,
Wailaki,"(1, 1)","(1, 0)","(0, 1)"
,,,
Wambaya,"(1, 0)","(1, 0)","(1, 1)"
,,,
Waorani,"(1, 1)","(1, 0)","(0, 1)"
,,,
Wappo,"(1, 0)","(1, 0)","(0, 0)"
,,,
Wari_,"(0, 0)","(0, 0)","(0, 0)"
,,,
Warta_Thuntai,"(0, 0)","(1, 0)","(0, 0)"
,,,
Watam,"(1, 1)","(0, 0)","(0, 1)"
,,,
Wersing,"(1, 1)","(1, 1)","(1, 0)"
,,,
Western_Apache,"(1, 1)","(0, 0)","(1, 1)"
,,,
Western_Pantar,"(1, 1)","(0, 0)","(1, 1)"
,,,
Wichi╠ü,"(1, 0)","(0, 0)","(0, 0)"
,,,
Wipi,"(1, 0)","(0, 0)","(0, 0)"
,,,
Xibe,"(1, 1)","(1, 0)","(0, 1)"
,,,
Yale,"(1, 1)","(1, 0)","(1, 1)"
,,,
Yalic,"(1, 1)","(1, 0)","(1, 1)"
,,,
Yamana,"(1, 1)","(1, 0)","(0, 0)"
,,,
Yanoma╠ümi,"(0, 1)","(0, 0)","(0, 1)"
,,,
Yawa,"(1, 1)","(0, 0)","(0, 1)"
,,,
Yele_(Ye╠üli╠é_Dnye),"(1, 1)","(0, 0)","(1, 1)"
,,,
Yelmek,"(0, 1)","(1, 0)","(1, 1)"
,,,
Yucatec_Maya,"(0, 1)","(1, 0)","(0, 1)"
,,,
Yuki,"(1, 1)","(1, 1)","(0, 1)"
,,,
Yukulta_(Ganggalida)_,"(1, 1)","(1, 1)","(1, 0)"
,,,
Yuracare,"(1, 1)","(0, 0)","(0, 0)"
,,,
Zuni,"(1, 1)","(0, 0)","(0, 1)"
,,,
Baure,"(1, 0)","(0, 0)","(0, 0)"
,,,
Ignaciano,"(1, 0)","(1, 0)","(0, 0)"
,,,
Mashco_Piro,"(0, 0)","(0, 0)","(0, 0)"
,,,
Trinitario,"(0, 0)","(1, 0)","(0, 0)"
,,,
Wapishana,"(0, 1)","(1, 0)","(0, 1)"
,,,
Waura╠ü,"(1, 1)","(1, 0)","(0, 1)"
,,,
Wayuu,"(1, 1)","(1, 0)","(0, 1)"
,,,
Yavitero,"(1, 0)","(0, 0)","(0, 0)"
,,,
'Are'are,"(1, 1)","(0, 0)","(1, 0)"
,,,
Achinese,"(1, 1)","(1, 1)","(0, 0)"
,,,
Aklanon,"(1, 1)","(1, 0)","(0, 0)"
,,,
Alangan,"(0, 1)","(1, 0)","(0, 0)"
,,,
Amis,"(0, 0)","(1, 0)","(0, 0)"
,,,
Ampibabo_Lauje,"(0, 1)","(1, 0)","(0, 0)"
,,,
Anejom,"(1, 1)","(0, 0)","(0, 0)"
,,,
Aniwa,"(1, 1)","(1, 0)","(0, 1)"
,,,
Anuta,"(1, 1)","(0, 0)","(0, 1)"
,,,
Araki,"(1, 1)","(1, 0)","(1, 1)"
,,,
Aria_(Mouk-Aria)_,"(1, 1)","(0, 0)","(1, 0)"
,,,
Arosi,"(1, 0)","(0, 0)","(0, 0)"
,,,
Asera,"(0, 1)","(1, 0)","(0, 0)"
,,,
Atayal,"(0, 0)","(1, 0)","(0, 0)"
,,,
Atchin,"(0, 1)","(0, 0)","(0, 0)"
,,,
Atoni_(Uab_Meto),"(1, 1)","(0, 0)","(0, 1)"
,,,
Atta,"(0, 1)","(1, 0)","(1, 0)"
,,,
Avava_(Bangasa_Dialect),"(1, 0)","(1, 0)","(0, 0)"
,,,
Avava_(Niviar_Dialect)_,"(1, 0)","(0, 0)","(0, 0)"
,,,
Avava_,"(1, 1)","(0, 1)","(0, 0)"
,,,
Ayiwo,"(1, 1)","(0, 0)","(1, 1)"
,,,
Bacanese_Malay_(Bacan),"(1, 1)","(0, 0)","(0, 0)"
,,,
Bahonsuai,"(0, 1)","(1, 0)","(0, 0)"
,,,
Balaesang,"(0, 1)","(1, 0)","(0, 0)"
,,,
Balangao,"(0, 1)","(1, 0)","(1, 0)"
,,,
Balinese,"(0, 1)","(1, 1)","(0, 0)"
,,,
Banjar,"(0, 0)","(1, 0)","(0, 1)"
,,,
Bannoni,"(0, 0)","(0, 0)","(0, 0)"
,,,
Barabet_(Hano)_,"(1, 1)","(0, 0)","(0, 1)"
,,,
Bario_Kelabit,"(0, 0)","(0, 0)","(0, 0)"
,,,
Barok_(Karu),"(1, 0)","(0, 0)","(0, 0)"
,,,
Batak_Toba,"(0, 1)","(1, 1)","(0, 1)"
,,,
Bau-Jagoi_Bidayuh,"(0, 1)","(0, 1)","(0, 0)"
,,,
Biak,"(1, 1)","(1, 1)","(1, 1)"
,,,
Bierebo,"(1, 0)","(0, 0)","(0, 0)"
,,,
Big_Nambas,"(1, 1)","(0, 0)","(0, 1)"
,,,
Big_Nambas_,"(1, 1)","(0, 0)","(1, 1)"
,,,
Bilibil,"(1, 1)","(0, 0)","(1, 1)"
,,,
Binukid_(Talaandig-Binukid),"(1, 1)","(1, 0)","(0, 0)"
,,,
Boano_(Sulawesi),"(0, 0)","(1, 0)","(0, 0)"
,,,
Bontok,"(0, 1)","(1, 0)","(0, 0)"
,,,
Brooke's_Point_Palawano,"(0, 0)","(0, 0)","(0, 0)"
,,,
Brunei-Sabah_Malay_(Malay),"(0, 1)","(1, 0)","(0, 0)"
,,,
Buhid,"(0, 1)","(1, 0)","(0, 0)"
,,,
Bukat,"(0, 1)","(0, 0)","(0, 0)"
,,,
Buli,"(1, 1)","(0, 0)","(0, 0)"
,,,
Bungku,"(0, 1)","(1, 0)","(0, 0)"
,,,
Bunun,"(0, 0)","(1, 0)","(0, 0)"
,,,
Buru_(Indonesia),"(1, 1)","(0, 1)","(0, 1)"
,,,
Butmas-Tur,"(1, 0)","(0, 0)","(0, 0)"
,,,
Bwaidoga,"(1, 0)","(0, 0)","(0, 0)"
,,,
Carolinians,"(0, 0)","(0, 0)","(0, 0)"
,,,
Casiguran_Dumagat_Agta,"(0, 1)","(1, 0)","(0, 0)"
,,,
Cebuano,"(0, 1)","(1, 0)","(0, 0)"
,,,
Central_Cagayan_Agta,"(1, 1)","(0, 0)","(0, 0)"
,,,
Central_Melanau,"(1, 1)","(0, 0)","(0, 0)"
,,,
Central_Sama,"(0, 1)","(1, 0)","(0, 0)"
,,,
Central_Subanen_(Subanung),"(0, 0)","(0, 0)","(0, 0)"
,,,
Central_Tagbanwa,"(0, 1)","(0, 0)","(0, 0)"
,,,
Chamarro,"(1, 1)","(0, 0)","(0, 0)"
,,,
Cheke_Holo,"(1, 0)","(0, 0)","(1, 0)"
,,,
Chuukese_(Trukese),"(1, 1)","(0, 0)","(0, 1)"
,,,
Colloquial_Malay,"(1, 1)","(0, 0)","(0, 0)"
,,,
Cotabato_Manobo,"(1, 1)","(0, 0)","(0, 0)"
,,,
Daakie,"(1, 1)","(0, 0)","(0, 1)"
,,,
Dakaka,"(1, 1)","(0, 0)","(1, 1)"
,,,
Dampelas,"(0, 1)","(1, 0)","(0, 0)"
,,,
Dehu,"(1, 0)","(1, 0)","(0, 0)"
,,,
Dobu,"(0, 1)","(0, 0)","(0, 1)"
,,,
Dondo,"(0, 1)","(1, 1)","(0, 0)"
,,,
Dupaningan_Agat,"(1, 0)","(1, 0)","(0, 0)"
,,,
Easter_Islanders,"(0, 1)","(1, 0)","(1, 0)"
,,,
East_Ambae_(Lolovoli),"(1, 1)","(0, 0)","(0, 1)"
,,,
East_Futuna,"(1, 1)","(0, 0)","(0, 1)"
,,,
Ellice,"(1, 1)","(1, 0)","(0, 0)"
,,,
Emae_(Mae),"(0, 0)","(0, 0)","(0, 0)"
,,,
Emau_(Emao_Island),"(1, 1)","(0, 0)","(1, 1)"
,,,
Fijian,"(1, 1)","(0, 0)","(1, 1)"
,,,
Fordata,"(1, 0)","(0, 0)","(0, 0)"
,,,
Fortsenal_(Kiai),"(1, 0)","(1, 0)","(0, 0)"
,,,
Futuna-Aniwa,"(1, 1)","(0, 0)","(0, 0)"
,,,
Futunans,"(1, 1)","(0, 0)","(0, 1)"
,,,
Ga'dang,"(0, 1)","(0, 0)","(0, 0)"
,,,
Gane_(Gima╠ün),"(1, 1)","(0, 1)","(0, 0)"
,,,
Gayo,"(1, 1)","(1, 0)","(0, 1)"
,,,
Gela,"(1, 0)","(0, 0)","(0, 0)"
,,,
Hanunoo,"(0, 1)","(1, 0)","(0, 0)"
,,,
Hawaiians,"(1, 1)","(1, 0)","(0, 0)"
,,,
Hawaii,"(1, 1)","(0, 0)","(0, 0)"
,,,
Hiligaynon,"(0, 1)","(0, 0)","(0, 0)"
,,,
Hiw,"(1, 0)","(0, 0)","(0, 0)"
,,,
Ibaloi_(Nabaloi),"(0, 1)","(0, 0)","(0, 0)"
,,,
Ibanag,"(0, 1)","(0, 0)","(0, 0)"
,,,
Iban,"(0, 1)","(0, 0)","(0, 0)"
,,,
Ida'an,"(0, 1)","(1, 0)","(0, 0)"
,,,
Ifaluk_Nuclear_Woleaian_,"(1, 1)","(0, 0)","(0, 0)"
,,,
Ifugaw_(Ifugao),"(0, 1)","(0, 0)","(0, 0)"
,,,
Ili'uun,"(1, 1)","(0, 0)","(1, 1)"
,,,
Ilokano,"(1, 1)","(0, 0)","(0, 0)"
,,,
Indonesian_Bajau,"(0, 1)","(1, 1)","(0, 1)"
,,,
Indonesian,"(0, 1)","(1, 0)","(0, 0)"
,,,
Iraya,"(0, 1)","(1, 0)","(0, 0)"
,,,
Isnag,"(0, 1)","(1, 0)","(0, 0)"
,,,
Itbayat,"(0, 1)","(1, 0)","(0, 0)"
,,,
Itneg_(Binongan),"(0, 1)","(1, 0)","(1, 0)"
,,,
Javanese,"(1, 1)","(1, 1)","(0, 0)"
,,,
Kadai,"(1, 1)","(0, 0)","(0, 0)"
,,,
Kalinga_(Ahin-Kayapa_Kalanguya),"(0, 1)","(1, 0)","(0, 0)"
,,,
Kambera,"(1, 1)","(0, 0)","(1, 1)"
,,,
Kankanaey_(Kankanai),"(0, 1)","(1, 0)","(0, 0)"
,,,
Kankanay,"(1, 0)","(1, 0)","(0, 0)"
,,,
Kapingamarangi,"(0, 1)","(0, 0)","(0, 0)"
,,,
Kapingamarangi_,"(1, 1)","(0, 0)","(0, 0)"
,,,
Kei,"(1, 0)","(0, 0)","(0, 0)"
,,,
Kilivila,"(1, 1)","(1, 0)","(0, 1)"
,,,
Kiput,"(0, 1)","(1, 0)","(0, 0)"
,,,
Kodeoha,"(0, 1)","(1, 0)","(0, 0)"
,,,
Kodi,"(0, 0)","(0, 0)","(0, 0)"
,,,
Konawe,"(0, 1)","(1, 0)","(0, 0)"
,,,
Koroni,"(0, 1)","(1, 0)","(0, 0)"
,,,
Kuanua,"(1, 1)","(0, 0)","(1, 1)"
,,,
Kulisusu,"(0, 0)","(1, 0)","(0, 0)"
,,,
Kwaio,"(0, 1)","(1, 0)","(1, 0)"
,,,
Kwamera,"(1, 1)","(0, 0)","(0, 1)"
,,,
Laiwui,"(0, 1)","(1, 0)","(0, 0)"
,,,
Lalomerui,"(0, 1)","(1, 0)","(0, 0)"
,,,
Lamahalot,"(0, 1)","(0, 0)","(0, 1)"
,,,
Lametin,"(0, 0)","(0, 0)","(0, 0)"
,,,
Lamogai,"(1, 0)","(1, 0)","(0, 0)"
,,,
Landewe,"(0, 1)","(1, 0)","(0, 0)"
,,,
Larevat,"(1, 0)","(0, 0)","(0, 0)"
,,,
Lauje,"(0, 1)","(1, 0)","(0, 0)"
,,,
Lau_Fijian,"(1, 1)","(0, 1)","(1, 1)"
,,,
Lau,"(1, 1)","(1, 0)","(0, 0)"
,,,
Lavatbura-lamusong_(Konobin),"(1, 0)","(0, 0)","(0, 0)"
,,,
Lelepa,"(1, 1)","(0, 0)","(0, 1)"
,,,
Lenakel,"(1, 1)","(0, 0)","(1, 1)"
,,,
Letemboi-Repanbitip,"(1, 1)","(0, 0)","(1, 0)"
,,,
Lewo,"(1, 0)","(0, 0)","(0, 0)"
,,,
Lo-Toga_(Loh),"(1, 1)","(0, 0)","(1, 0)"
,,,
Loniu,"(1, 0)","(0, 0)","(0, 0)"
,,,
Lonwolwol,"(1, 1)","(0, 0)","(0, 1)"
,,,
Luangiua_(Ontong_Java),"(1, 1)","(0, 0)","(0, 0)"
,,,
Lubuagan_Kalinga,"(1, 1)","(1, 0)","(1, 0)"
,,,
Luburua_(Kara),"(1, 0)","(0, 0)","(0, 0)"
,,,
Ma'anyan,"(0, 1)","(1, 0)","(0, 0)"
,,,
Maba_(Indonesia),"(1, 1)","(0, 0)","(0, 0)"
,,,
Madak_(Konnos),"(1, 1)","(0, 0)","(0, 0)"
,,,
Madurese,"(0, 0)","(1, 1)","(0, 0)"
,,,
Mafea_(Mavea),"(1, 1)","(0, 0)","(1, 1)"
,,,
Magam,"(1, 1)","(0, 0)","(0, 1)"
,,,
Maguindanao_(Magindonao_Moro),"(0, 1)","(1, 0)","(0, 0)"
,,,
Malua_Bay,"(1, 1)","(0, 0)","(0, 1)"
,,,
Manam,"(1, 1)","(1, 0)","(1, 1)"
,,,
Mangaia,"(1, 1)","(0, 0)","(0, 0)"
,,,
Mangarevans,"(1, 1)","(0, 1)","(0, 0)"
,,,
Mangareva,"(1, 1)","(0, 0)","(0, 0)"
,,,
Mangei_(Sobjo),"(1, 1)","(0, 0)","(0, 0)"
,,,
Manggarai,"(1, 1)","(0, 0)","(1, 1)"
,,,
Maori,"(1, 1)","(0, 0)","(0, 0)"
,,,
Maragus_(Tape),"(0, 1)","(0, 1)","(0, 0)"
,,,
Maranao_(Lanao_Moro),"(0, 1)","(1, 0)","(0, 0)"
,,,
Marquesas,"(1, 1)","(0, 1)","(0, 1)"
,,,
Marshallese,"(1, 1)","(1, 0)","(1, 0)"
,,,
Maskelynes,"(1, 1)","(0, 0)","(0, 0)"
,,,
Matukar,"(1, 1)","(0, 0)","(0, 0)"
,,,
Ma╠äori,"(1, 1)","(1, 0)","(0, 0)"
,,,
Mekeo_(East)_,"(0, 0)","(0, 0)","(0, 0)"
,,,
Mekeo_(North)_,"(0, 0)","(0, 0)","(0, 0)"
,,,
Mekeo_(North-West)_,"(0, 0)","(0, 0)","(0, 0)"
,,,
Mekeo_(West)_,"(0, 0)","(0, 0)","(0, 0)"
,,,
Mekeo,"(0, 0)","(1, 0)","(0, 0)"
,,,
Mekongga,"(0, 1)","(1, 0)","(0, 0)"
,,,
Mele-Fila_(Ifira-Mele),"(1, 1)","(0, 0)","(0, 0)"
,,,
Menui,"(0, 1)","(1, 0)","(0, 0)"
,,,
Merei,"(0, 0)","(0, 0)","(0, 0)"
,,,
Merlav,"(1, 0)","(0, 0)","(0, 0)"
,,,
Minangkabau,"(0, 0)","(0, 0)","(0, 0)"
,,,
Miningir_(Lunga),"(1, 1)","(0, 0)","(0, 0)"
,,,
Mono-Alu,"(0, 1)","(0, 0)","(0, 0)"
,,,
Hawaiian,"(1, 1)","(1, 0)","(1, 1)"
,,,
Kings_Mill_Islands,"(1, 1)","(1, 0)","(1, 0)"
,,,
Kusaien,"(1, 1)","(1, 0)","(1, 1)"
,,,
Maori,"(1, 1)","(1, 0)","(0, 0)"
,,,
Mori_Atas,"(0, 1)","(1, 0)","(0, 0)"
,,,
Mori_Bawah,"(0, 1)","(1, 0)","(0, 0)"
,,,
Moronene,"(0, 0)","(1, 0)","(0, 0)"
,,,
Mortlockese,"(1, 1)","(0, 0)","(0, 0)"
,,,
Mota,"(1, 1)","(0, 0)","(0, 1)"
,,,
Motu,"(1, 1)","(0, 0)","(0, 1)"
,,,
Mouk,"(1, 1)","(0, 0)","(1, 1)"
,,,
Muduapa_(Vitu),"(1, 1)","(0, 0)","(0, 1)"
,,,
Muna,"(1, 1)","(1, 0)","(0, 0)"
,,,
Munggava_(Rennell),"(1, 0)","(0, 0)","(1, 0)"
,,,
Mungiki_(Bellona),"(0, 0)","(0, 0)","(0, 0)"
,,,
Mussau-Emira,"(0, 1)","(1, 0)","(1, 1)"
,,,
Mwotlap,"(1, 1)","(0, 0)","(0, 1)"
,,,
Nafsan,"(1, 1)","(1, 1)","(1, 0)"
,,,
Nage,"(1, 1)","(1, 1)","(1, 1)"
,,,
Nahavaq,"(1, 1)","(0, 0)","(0, 0)"
,,,
Nakanai,"(1, 1)","(0, 1)","(0, 1)"
,,,
Nalik_(Lukuramau),"(1, 1)","(0, 0)","(1, 0)"
,,,
Nalik_(Madina)_,"(1, 0)","(0, 0)","(1, 0)"
,,,
Namakura,"(1, 1)","(0, 0)","(0, 1)"
,,,
Namakura_,"(1, 0)","(0, 0)","(0, 0)"
,,,
Naman,"(1, 0)","(0, 0)","(0, 0)"
,,,
Nanggu,"(1, 1)","(0, 0)","(0, 0)"
,,,
Nehan,"(1, 0)","(0, 0)","(0, 0)"
,,,
Nengone,"(1, 1)","(1, 0)","(0, 1)"
,,,
Nese,"(1, 0)","(0, 0)","(0, 0)"
,,,
Neve'ei,"(1, 1)","(0, 0)","(0, 1)"
,,,
Neve'ei_,"(0, 0)","(0, 1)","(0, 0)"
,,,
Neverver,"(1, 1)","(0, 1)","(1, 0)"
,,,
Nguna,"(1, 1)","(0, 0)","(1, 1)"
,,,
Niuafo'ou,"(1, 1)","(0, 0)","(0, 1)"
,,,
Niueans,"(1, 1)","(0, 0)","(0, 0)"
,,,
Niue,"(1, 1)","(1, 0)","(0, 0)"
,,,
North_Ambrym,"(1, 1)","(0, 0)","(0, 1)"
,,,
"North_Efate_(Nguna,_Nakanamanga)","(1, 1)","(0, 0)","(0, 1)"
,,,
North_Marquesan,"(1, 1)","(0, 0)","(0, 0)"
,,,
North_Tanna,"(1, 0)","(0, 0)","(1, 0)"
,,,
Numbami,"(1, 1)","(0, 1)","(0, 1)"
,,,
Olal,"(0, 0)","(0, 0)","(0, 0)"
,,,
Old_Javanese_(Kawi),"(0, 0)","(0, 0)","(0, 0)"
,,,
Old_Rapa_(Rapa),"(1, 1)","(0, 0)","(0, 0)"
,,,
Ontong_Java,"(1, 1)","(0, 0)","(0, 0)"
,,,
Owa_(Santa_Ana),"(1, 1)","(1, 0)","(1, 0)"
,,,
Padoe,"(0, 1)","(1, 0)","(0, 0)"
,,,
Paici,"(1, 1)","(1, 0)","(1, 1)"
,,,
Paiwan,"(0, 1)","(0, 0)","(0, 0)"
,,,
Palauan,"(1, 0)","(0, 0)","(1, 0)"
,,,
Paluai,"(1, 1)","(0, 0)","(0, 1)"
,,,
Pama_(Paamanese),"(1, 0)","(0, 0)","(0, 0)"
,,,
Pampanga_(Kampampangan),"(1, 1)","(0, 0)","(0, 0)"
,,,
Pangasinan,"(0, 1)","(0, 0)","(0, 0)"
,,,
Patani,"(1, 1)","(1, 0)","(0, 0)"
,,,
Pendau,"(0, 1)","(1, 0)","(0, 0)"
,,,
Penrhyn_(Tongareva),"(1, 1)","(1, 0)","(1, 0)"
,,,
Petapa_Taje_,"(0, 1)","(1, 0)","(0, 0)"
,,,
Pohnpeian,"(1, 0)","(0, 0)","(0, 0)"
,,,
Pohnpeian_,"(1, 1)","(0, 0)","(0, 0)"
,,,
Port_Sandwich,"(1, 0)","(0, 0)","(1, 0)"
,,,
Proto-Oceanic,"(1, 1)","(0, 0)","(0, 0)"
,,,
Pukapuka,"(1, 1)","(1, 0)","(0, 0)"
,,,
Puluwatese_(Puluwat),"(1, 1)","(0, 0)","(1, 0)"
,,,
Puyuma,"(0, 0)","(1, 0)","(0, 0)"
,,,
Rade_(Rhade),"(1, 1)","(1, 1)","(0, 0)"
,,,
Raga_(Hano),"(1, 1)","(1, 0)","(0, 1)"
,,,
Raga_(Hano_Thomas_Ennever)_,"(1, 1)","(0, 0)","(1, 1)"
,,,
Rahambuu,"(0, 1)","(1, 0)","(0, 0)"
,,,
Rakahanga-Manihiki,"(1, 1)","(0, 0)","(0, 0)"
,,,
Rangiora_(NW_Tuamotus),"(1, 1)","(0, 0)","(0, 0)"
,,,
Rapanui_(Easter_Island),"(1, 1)","(1, 0)","(0, 0)"
,,,
Raroians,"(1, 1)","(0, 0)","(0, 0)"
,,,
Rarotongan_(Cook_Islands_Maori),"(1, 0)","(0, 0)","(0, 0)"
,,,
Ratagnon,"(0, 1)","(1, 0)","(0, 0)"
,,,
Rejang_(Rejangese),"(0, 0)","(1, 0)","(0, 0)"
,,,
Rennell_Islanders,"(1, 1)","(0, 0)","(1, 0)"
,,,
Riuk_Bekati'_(Dayak),"(0, 0)","(1, 0)","(0, 0)"
,,,
Rotinese_Termanu_,"(1, 1)","(1, 1)","(1, 1)"
,,,
Rotumans,"(1, 1)","(1, 0)","(0, 0)"
,,,
Rotuman,"(1, 1)","(1, 0)","(1, 0)"
,,,
Routa,"(0, 1)","(1, 0)","(0, 0)"
,,,
Roviana,"(1, 1)","(0, 0)","(0, 0)"
,,,
Saaroa,"(1, 1)","(1, 0)","(0, 0)"
,,,
Samoan,"(1, 1)","(0, 0)","(0, 0)"
,,,
Samoan_,"(1, 0)","(0, 0)","(0, 0)"
,,,
Sarangani_Blaan,"(1, 1)","(1, 0)","(1, 0)"
,,,
Satawalese,"(1, 0)","(0, 0)","(0, 0)"
,,,
Sawai,"(1, 1)","(0, 0)","(0, 0)"
,,,
Sa_a,"(0, 0)","(0, 0)","(0, 0)"
,,,
Sa,"(1, 1)","(0, 0)","(1, 1)"
,,,
Seke_(Ske),"(1, 1)","(0, 0)","(0, 1)"
,,,
Senbarei,"(1, 1)","(0, 0)","(0, 0)"
,,,
Sie_(Sye),"(1, 1)","(0, 1)","(0, 1)"
,,,
Sikaiana,"(1, 1)","(0, 0)","(0, 0)"
,,,
Sika,"(0, 0)","(1, 0)","(0, 0)"
,,,
Sonsorol,"(1, 0)","(0, 0)","(0, 0)"
,,,
Southeast_Ambrym,"(1, 1)","(0, 0)","(1, 1)"
,,,
Southeast_Babar,"(0, 0)","(1, 0)","(0, 0)"
,,,
Southwest_Tanna,"(1, 0)","(0, 0)","(1, 0)"
,,,
South_Efate_,"(0, 1)","(0, 0)","(0, 1)"
,,,
South_Marquesan,"(1, 0)","(0, 0)","(0, 0)"
,,,
South_Tuvaluan_(Vaitupu),"(1, 1)","(0, 0)","(1, 0)"
,,,
Sula_Fagudu,"(1, 0)","(0, 1)","(0, 0)"
,,,
Sula_Mangoli,"(1, 1)","(0, 0)","(0, 0)"
,,,
Sundanese,"(0, 1)","(1, 1)","(0, 0)"
,,,
Sungagage_,"(1, 1)","(0, 0)","(1, 1)"
,,,
Sungwadaga_,"(1, 1)","(0, 0)","(1, 0)"
,,,
Sungwadia_,"(1, 1)","(0, 0)","(1, 1)"
,,,
Sungwaloge_(Nalemba_Edward)_,"(1, 1)","(0, 0)","(1, 1)"
,,,
Sungwaloge_(Nalemba_Simeone_Tari)_,"(1, 1)","(0, 0)","(1, 1)"
,,,
Sungwaloge_(Navenvene)_,"(1, 1)","(0, 0)","(0, 1)"
,,,
Sungwaloge_(Tauta)_,"(1, 1)","(0, 0)","(1, 1)"
,,,
Sungwaloge_(Tawet)_,"(1, 1)","(0, 0)","(1, 1)"
,,,
Sunwadia,"(0, 0)","(0, 0)","(0, 0)"
,,,
Tadyawan,"(0, 1)","(1, 0)","(0, 0)"
,,,
Tagalog,"(0, 1)","(1, 0)","(0, 0)"
,,,
Tahitians,"(1, 1)","(0, 0)","(0, 0)"
,,,
Tahitian,"(1, 1)","(0, 0)","(0, 0)"
,,,
Tajio,"(0, 1)","(1, 0)","(0, 0)"
,,,
Takia,"(1, 1)","(0, 0)","(0, 1)"
,,,
Takuu,"(0, 1)","(0, 0)","(0, 1)"
,,,
Talibabu,"(1, 1)","(0, 0)","(0, 0)"
,,,
Talise_(Tolo),"(1, 1)","(0, 0)","(0, 1)"
,,,
Tamambo,"(1, 1)","(1, 0)","(0, 1)"
,,,
Tanala,"(1, 1)","(0, 0)","(1, 1)"
,,,
Tanampedagi_Taje_,"(0, 1)","(1, 0)","(0, 0)"
,,,
Tangoa_(Movono),"(1, 0)","(1, 0)","(0, 0)"
,,,
Tasiko,"(1, 0)","(0, 0)","(1, 0)"
,,,
Taumako,"(1, 1)","(0, 0)","(0, 0)"
,,,
Tausug_(Sulu_Moro),"(1, 0)","(0, 0)","(0, 0)"
,,,
Tausug_,"(0, 1)","(1, 0)","(0, 0)"
,,,
Tetum_(Tetun),"(1, 1)","(1, 1)","(0, 0)"
,,,
Tetun_Dili_(Tetum),"(1, 1)","(1, 1)","(1, 1)"
,,,
Thao,"(0, 0)","(0, 0)","(0, 0)"
,,,
Tiale,"(0, 0)","(0, 0)","(0, 0)"
,,,
Tialo_(Tomini),"(0, 1)","(1, 0)","(0, 0)"
,,,
Tigak,"(1, 0)","(0, 0)","(0, 0)"
,,,
Tikopia,"(1, 1)","(1, 0)","(1, 1)"
,,,
Tikopia_,"(1, 1)","(0, 0)","(1, 1)"
,,,
Tirax_(Mae),"(1, 1)","(0, 0)","(0, 1)"
,,,
Tiri-Mea_(Grand_Couli),"(1, 0)","(1, 0)","(0, 0)"
,,,
Tokelau,"(1, 1)","(0, 0)","(1, 0)"
,,,
Tokelau_,"(1, 1)","(0, 0)","(1, 1)"
,,,
Tokotu'a_(Kabaena),"(0, 1)","(1, 0)","(0, 0)"
,,,
Tolaki,"(0, 0)","(1, 0)","(0, 0)"
,,,
Tomadino,"(0, 1)","(1, 0)","(0, 0)"
,,,
Tombulu,"(1, 1)","(1, 1)","(0, 0)"
,,,
Tongan,"(1, 1)","(0, 0)","(0, 1)"
,,,
Tongarevans,"(1, 1)","(0, 0)","(0, 0)"
,,,
Tonga_(Tonga_Islands),"(1, 1)","(0, 0)","(0, 1)"
,,,
Tonsea,"(1, 1)","(1, 0)","(0, 0)"
,,,
Toqabaqita,"(0, 0)","(0, 0)","(0, 0)"
,,,
Torete,"(0, 1)","(1, 0)","(0, 0)"
,,,
Totoli,"(0, 1)","(1, 1)","(0, 0)"
,,,
Tubuai,"(1, 1)","(0, 0)","(0, 0)"
,,,
Tukang_Besi_South,"(0, 0)","(1, 0)","(0, 0)"
,,,
Tulambatu,"(0, 1)","(1, 0)","(0, 0)"
,,,
Tungag,"(1, 0)","(0, 0)","(0, 0)"
,,,
Tuvalu_(Nanumea),"(1, 1)","(0, 0)","(0, 0)"
,,,
Ulawa,"(0, 0)","(1, 0)","(0, 0)"
,,,
Uma_Juman_(Kayan),"(1, 1)","(1, 0)","(0, 0)"
,,,
Umiray_Dumaget_Agta,"(0, 1)","(1, 1)","(1, 0)"
,,,
Unua,"(0, 0)","(1, 0)","(0, 0)"
,,,
Urak_Lawoi,"(0, 1)","(1, 1)","(0, 0)"
,,,
Ura,"(1, 0)","(0, 0)","(0, 0)"
,,,
Uripiv-Wala-Rano-Atchin,"(1, 1)","(0, 0)","(0, 0)"
,,,
Vaekau-Taumako,"(1, 1)","(0, 0)","(0, 0)"
,,,
Vao,"(1, 1)","(0, 0)","(0, 0)"
,,,
Varisi,"(1, 1)","(0, 0)","(0, 0)"
,,,
Vera'a,"(1, 1)","(0, 0)","(1, 0)"
,,,
Vures,"(1, 1)","(0, 0)","(1, 0)"
,,,
Waia,"(0, 1)","(1, 0)","(0, 0)"
,,,
Wallisian_(East_Uvea),"(1, 1)","(0, 0)","(0, 1)"
,,,
Waropen,"(1, 0)","(0, 1)","(0, 0)"
,,,
Waru,"(0, 1)","(1, 0)","(0, 0)"
,,,
Watut,"(1, 1)","(0, 0)","(0, 1)"
,,,
Wawonii,"(0, 1)","(1, 0)","(0, 0)"
,,,
Weda,"(1, 1)","(1, 0)","(0, 0)"
,,,
Western_Bukidnon_Manobo,"(1, 1)","(0, 0)","(0, 0)"
,,,
Western_Tawbuid_(Batangan),"(0, 1)","(1, 0)","(0, 0)"
,,,
West_Coast_Bajau,"(0, 1)","(1, 0)","(0, 0)"
,,,
West_Futuna,"(1, 1)","(0, 1)","(1, 1)"
,,,
Whitesands,"(1, 0)","(0, 0)","(1, 0)"
,,,
Wiwirano,"(0, 1)","(1, 0)","(0, 0)"
,,,
Wogeo,"(1, 1)","(0, 0)","(1, 0)"
,,,
Woleaian,"(0, 0)","(0, 0)","(0, 0)"
,,,
Wolio,"(0, 1)","(1, 0)","(0, 0)"
,,,
Wuvulu_Aua,"(1, 1)","(0, 0)","(0, 0)"
,,,
Xalangi_(Maevo_Vanuatu)_,"(1, 1)","(0, 0)","(1, 1)"
,,,
Xaracuu_(Canala),"(1, 1)","(1, 0)","(0, 1)"
,,,
Yabem,"(1, 1)","(0, 0)","(1, 1)"
,,,
Yakan,"(1, 1)","(0, 0)","(0, 0)"
,,,
Yamdena,"(1, 0)","(0, 0)","(0, 0)"
,,,
Yami_Tao_,"(0, 1)","(1, 0)","(1, 0)"
,,,
Zabana_(Kia),"(0, 0)","(1, 0)","(0, 0)"
,,,
An-ah'-ne-lin_(Gros_Ventres_of_Prairie),"(1, 1)","(1, 0)","(1, 1)"
,,,
Blood_Siksika_(Blood_Blackfoot),"(1, 1)","(1, 0)","(1, 1)"
,,,
Cree_of_the_Lowlands,"(1, 1)","(1, 0)","(1, 1)"
,,,
Delaware,"(1, 1)","(1, 0)","(1, 0)"
,,,
"Etchemiu,_or_Malisete","(1, 1)","(1, 0)","(1, 1)"
,,,
Kaskaskia,"(1, 1)","(1, 0)","(1, 1)"
,,,
Kickapoo_(Kikapoo),"(1, 1)","(1, 0)","(1, 1)"
,,,
Menomine,"(1, 1)","(1, 0)","(1, 1)"
,,,
Miami,"(1, 1)","(1, 0)","(1, 1)"
,,,
Miemac,"(1, 1)","(1, 0)","(1, 1)"
,,,
Mohegan,"(1, 1)","(1, 0)","(1, 1)"
,,,
Munsee,"(1, 1)","(1, 0)","(1, 1)"
,,,
Ojibwa_Kansas,"(1, 1)","(1, 0)","(1, 1)"
,,,
Ojibwa_Lake_Huron,"(1, 1)","(1, 0)","(1, 1)"
,,,
Ojibwa_Lake_Michigan,"(1, 1)","(1, 0)","(1, 1)"
,,,
Ojibwa_Lake_Superior,"(1, 1)","(1, 0)","(1, 1)"
,,,
Ottawa_(Ota╠îwa),"(1, 1)","(1, 0)","(1, 1)"
,,,
Peoria,"(1, 1)","(1, 0)","(1, 1)"
,,,
Pianeshaw,"(1, 1)","(1, 0)","(1, 1)"
,,,
Piegan_Siksika_(Piegan_Blackfoot),"(1, 1)","(1, 0)","(1, 1)"
,,,
Plains_Cree_(Cree_of_the_Prairie),"(1, 1)","(1, 0)","(1, 1)"
,,,
Potawatomi_(Pota╠îwattamie),"(1, 1)","(1, 0)","(0, 1)"
,,,
Sawk_and_Fox,"(1, 1)","(1, 0)","(1, 1)"
,,,
Shawnee,"(1, 1)","(1, 0)","(1, 1)"
,,,
Shiyan,"(0, 1)","(1, 0)","(0, 1)"
,,,
Weaw,"(1, 1)","(1, 0)","(1, 1)"
,,,
Woods_Cree_(Cree_of_the_Woods),"(1, 1)","(1, 0)","(1, 1)"
,,,
Northern_Ojibwa,"(0, 1)","(1, 0)","(1, 1)"
,,,
Ottowa_Ojibwa,"(1, 1)","(1, 0)","(1, 1)"
,,,
Wiyot,"(0, 1)","(0, 0)","(0, 1)"
,,,
Yurok,"(1, 1)","(1, 0)","(0, 0)"
,,,
De_kwana_Maquiritari_,"(0, 1)","(1, 0)","(0, 1)"
,,,
Galibi_Carib,"(1, 1)","(1, 0)","(0, 1)"
,,,
Macushi,"(1, 1)","(1, 0)","(0, 1)"
,,,
Panare,"(1, 1)","(0, 0)","(1, 1)"
,,,
Pemon,"(1, 1)","(1, 0)","(1, 1)"
,,,
Waimiri_Atroari,"(1, 1)","(1, 0)","(1, 1)"
,,,
Wai_Wai,"(1, 1)","(0, 0)","(0, 1)"
,,,
Aghul,"(0, 1)","(1, 0)","(0, 0)"
,,,
Akhvakh_Northern_Akhvakh_,"(1, 1)","(1, 0)","(0, 1)"
,,,
Andi,"(1, 1)","(1, 0)","(0, 1)"
,,,
Archi,"(1, 1)","(1, 0)","(0, 1)"
,,,
Avar_Ancux_,"(1, 1)","(1, 0)","(0, 1)"
,,,
Avar_Andalal_,"(1, 1)","(1, 0)","(0, 1)"
,,,
Avar,"(1, 1)","(1, 0)","(0, 1)"
,,,
Avar_Batlux_,"(1, 1)","(1, 0)","(0, 0)"
,,,
Avar_Hid_dialect_,"(1, 1)","(1, 0)","(0, 1)"
,,,
Avaz_Khunzakh_,"(1, 1)","(1, 0)","(0, 0)"
,,,
Bahvalal,"(1, 1)","(1, 0)","(0, 1)"
,,,
Bats_Tsova_Tush_,"(1, 1)","(1, 0)","(0, 1)"
,,,
Bezhta,"(1, 1)","(1, 0)","(0, 1)"
,,,
Budukh,"(1, 1)","(1, 0)","(0, 1)"
,,,
Chamalal,"(1, 1)","(1, 0)","(0, 1)"
,,,
Chamalal_Gigatli_,"(1, 1)","(1, 0)","(0, 1)"
,,,
Dargwa_Chirag_,"(1, 1)","(1, 0)","(0, 0)"
,,,
Dargwa_Itsari_,"(1, 1)","(1, 0)","(0, 0)"
,,,
Godoberi,"(1, 1)","(1, 0)","(0, 1)"
,,,
Hinuq,"(1, 1)","(1, 0)","(0, 1)"
,,,
Hunzib,"(1, 0)","(1, 0)","(0, 1)"
,,,
Ingush,"(1, 1)","(1, 0)","(0, 1)"
,,,
Inxokvari,"(1, 1)","(1, 0)","(0, 1)"
,,,
Rutul,"(1, 1)","(1, 0)","(0, 1)"
,,,
Kazakh,"(1, 1)","(1, 0)","(1, 1)"
,,,
Kumyk,"(1, 1)","(1, 0)","(0, 0)"
,,,
Nogai,"(1, 1)","(1, 0)","(0, 0)"
,,,
North_Azerbaijani,"(1, 1)","(1, 0)","(0, 1)"
,,,
Turkish,"(0, 1)","(1, 0)","(0, 1)"
,,,
Chenchu,"(1, 1)","(1, 1)","(1, 1)"
,,,
Dandami_Maria,"(1, 1)","(1, 1)","(1, 1)"
,,,
Gondi,"(1, 0)","(1, 0)","(0, 0)"
,,,
Kadar,"(1, 1)","(1, 1)","(0, 1)"
,,,
Kodava,"(1, 1)","(1, 1)","(0, 1)"
,,,
Koya,"(1, 1)","(1, 1)","(1, 1)"
,,,
Kui,"(1, 1)","(1, 1)","(1, 1)"
,,,
Kurukh,"(1, 1)","(1, 1)","(1, 1)"
,,,
Kuvi,"(1, 1)","(1, 1)","(0, 1)"
,,,
Malapandaram,"(1, 1)","(1, 1)","(1, 1)"
,,,
Malayalam,"(1, 1)","(1, 1)","(0, 1)"
,,,
Canarese,"(1, 1)","(1, 1)","(1, 1)"
,,,
Tamil,"(1, 1)","(1, 1)","(1, 1)"
,,,
Telugu,"(1, 1)","(1, 1)","(1, 1)"
,,,
Northern_Gondi,"(1, 1)","(0, 0)","(0, 1)"
,,,
Paliyan,"(1, 1)","(1, 1)","(1, 1)"
,,,
Tamil,"(1, 1)","(1, 1)","(0, 1)"
,,,
Telugu,"(1, 1)","(1, 0)","(1, 1)"
,,,
Toda,"(0, 1)","(1, 1)","(0, 1)"
,,,
Yerukula,"(0, 1)","(0, 0)","(0, 0)"
,,,
Arizona_Yaqui_,"(0, 0)","(0, 0)","(0, 0)"
,,,
Aztec,"(1, 1)","(0, 0)","(0, 0)"
,,,
Bannock,"(1, 1)","(1, 0)","(1, 1)"
,,,
Cahuilla,"(1, 1)","(1, 1)","(0, 0)"
,,,
Chemehuevi,"(1, 0)","(0, 0)","(0, 0)"
,,,
Colorado_Ute_,"(1, 1)","(1, 0)","(0, 0)"
,,,
Comanche,"(1, 1)","(1, 0)","(0, 1)"
,,,
Cora,"(0, 0)","(0, 0)","(0, 0)"
,,,
Cupen╠âo,"(1, 1)","(1, 1)","(1, 1)"
,,,
Eudeve,"(1, 0)","(1, 0)","(0, 0)"
,,,
Gabrielino,"(1, 1)","(1, 0)","(0, 0)"
,,,
Guarijio,"(1, 1)","(1, 1)","(0, 0)"
,,,
Highland_Puebla_Nahuatl,"(1, 0)","(0, 0)","(0, 0)"
,,,
Hopi,"(1, 1)","(1, 0)","(0, 0)"
,,,
Hopi_S__,"(0, 0)","(0, 0)","(0, 0)"
,,,
Huastec_Nahuatl,"(0, 0)","(0, 0)","(0, 0)"
,,,
Huichol,"(0, 0)","(0, 0)","(0, 0)"
,,,
Kawaiisu,"(1, 1)","(1, 0)","(0, 0)"
,,,
Kitanemuk_,"(0, 1)","(1, 1)","(0, 0)"
,,,
Lower_Pima_Pima_Bajo,"(0, 1)","(0, 1)","(0, 1)"
,,,
Luisen╠üo,"(1, 1)","(1, 1)","(0, 1)"
,,,
Mayo,"(0, 1)","(0, 0)","(0, 0)"
,,,
Mono,"(1, 1)","(1, 0)","(0, 1)"
,,,
Utahs_(Tabegwaches),"(1, 0)","(1, 0)","(0, 0)"
,,,
Nevome_,"(0, 0)","(0, 0)","(0, 0)"
,,,
Northern_Paiute,"(1, 0)","(0, 0)","(0, 0)"
,,,
Northern_Tepehuan,"(1, 1)","(0, 1)","(0, 1)"
,,,
North_Northern_Paiute,"(1, 1)","(1, 0)","(1, 1)"
,,,
Opata,"(1, 1)","(1, 1)","(0, 0)"
,,,
Pima_de_Yepa╠üchic,"(0, 0)","(0, 0)","(0, 0)"
,,,
Pipil,"(0, 0)","(0, 0)","(0, 0)"
,,,
Serrano,"(1, 1)","(1, 1)","(0, 0)"
,,,
Shoshoni,"(1, 1)","(1, 0)","(0, 0)"
,,,
Southeastern_Tepehuano,"(1, 1)","(1, 1)","(0, 0)"
,,,
Southern_Paiute,"(1, 1)","(1, 0)","(0, 1)"
,,,
Southern_Tepehuan,"(0, 1)","(1, 1)","(0, 1)"
,,,
Southern_Tepehuan_W_,"(0, 0)","(0, 0)","(0, 0)"
,,,
Southern_Ute,"(1, 1)","(1, 1)","(1, 1)"
,,,
Tarahumara,"(1, 1)","(1, 1)","(0, 0)"
,,,
Tohono_O_odham,"(0, 1)","(0, 0)","(0, 1)"
,,,
Tubar,"(0, 0)","(0, 0)","(0, 0)"
,,,
Tu╠êbatu╠êlabal,"(0, 0)","(0, 0)","(0, 0)"
,,,
Tu╠êmpisha_Shoshoni,"(1, 1)","(1, 0)","(0, 1)"
,,,
Western_Shoshoni,"(0, 0)","(0, 0)","(0, 0)"
,,,
White_Mesa_Ute_,"(0, 0)","(0, 0)","(0, 0)"
,,,
Yaqui,"(1, 0)","(1, 0)","(0, 0)"
,,,
Asu_Tanzania_,"(1, 1)","(1, 1)","(0, 1)"
,,,
Avatime,"(1, 1)","(1, 0)","(0, 1)"
,,,
Bafia,"(0, 0)","(1, 0)","(0, 0)"
,,,
Bali_Congo_,"(0, 0)","(0, 0)","(0, 0)"
,,,
Bali_DRC_,"(0, 0)","(0, 0)","(0, 0)"
,,,
Bamun,"(0, 0)","(1, 0)","(0, 0)"
,,,
Batanga,"(1, 1)","(1, 1)","(1, 1)"
,,,
Bemba,"(0, 1)","(1, 1)","(0, 1)"
,,,
Bena_Tanzania_,"(1, 1)","(1, 1)","(1, 1)"
,,,
Bende,"(1, 1)","(1, 0)","(0, 1)"
,,,
Bera,"(0, 1)","(1, 1)","(0, 1)"
,,,
Bila,"(0, 1)","(1, 1)","(1, 1)"
,,,
Budza,"(0, 0)","(0, 0)","(0, 0)"
,,,
Bukusu,"(1, 1)","(1, 1)","(0, 1)"
,,,
Bushoong,"(1, 1)","(0, 0)","(0, 1)"
,,,
Chokwe,"(1, 1)","(0, 0)","(1, 1)"
,,,
Digo,"(0, 1)","(1, 1)","(1, 1)"
,,,
Ding,"(0, 1)","(1, 0)","(0, 1)"
,,,
Duala,"(1, 1)","(1, 0)","(0, 1)"
,,,
Duma,"(0, 1)","(0, 0)","(0, 1)"
,,,
Ekonda_Mongo,"(0, 1)","(1, 0)","(0, 1)"
,,,
Fang_EG,"(1, 1)","(1, 0)","(0, 1)"
,,,
Fefe,"(1, 1)","(1, 0)","(0, 0)"
,,,
Fipa,"(1, 1)","(0, 0)","(1, 1)"
,,,
Ganda,"(1, 1)","(1, 0)","(0, 1)"
,,,
Giryama,"(1, 1)","(0, 1)","(1, 1)"
,,,
Gogo,"(0, 1)","(1, 0)","(1, 1)"
,,,
Gusii,"(1, 0)","(0, 0)","(0, 0)"
,,,
Haya,"(1, 1)","(1, 0)","(1, 1)"
,,,
Ha,"(1, 1)","(1, 0)","(1, 1)"
,,,
Hehe,"(1, 1)","(1, 1)","(1, 1)"
,,,
Herero,"(1, 1)","(1, 1)","(0, 1)"
,,,
Igbo,"(1, 0)","(0, 1)","(1, 1)"
,,,
Kagulu,"(0, 1)","(1, 1)","(0, 0)"
,,,
Kamba,"(0, 1)","(1, 0)","(0, 1)"
,,,
Kaonde,"(0, 1)","(1, 0)","(1, 1)"
,,,
Kerewe,"(0, 0)","(0, 0)","(0, 0)"
,,,
Ke╠üle╠ü,"(0, 1)","(0, 0)","(0, 1)"
,,,
Kikuyu,"(0, 1)","(1, 0)","(1, 0)"
,,,
Komo_DRC_,"(0, 1)","(1, 1)","(1, 1)"
,,,
Kom,"(1, 0)","(1, 0)","(0, 0)"
,,,
Kota,"(1, 1)","(0, 0)","(0, 0)"
,,,
Kwasio,"(1, 1)","(1, 0)","(0, 0)"
,,,
Kwere,"(1, 1)","(1, 1)","(0, 1)"
,,,
Lala_Bisa,"(0, 1)","(0, 0)","(0, 1)"
,,,
Lamba,"(1, 1)","(1, 0)","(1, 1)"
,,,
Langi,"(1, 1)","(1, 0)","(0, 1)"
,,,
Lingala,"(1, 1)","(1, 1)","(0, 1)"
,,,
Lozi,"(1, 1)","(0, 1)","(0, 1)"
,,,
Luba_Katanga,"(1, 1)","(1, 1)","(0, 1)"
,,,
Luba_Lulua,"(0, 1)","(1, 0)","(0, 0)"
,,,
Luguru,"(1, 1)","(1, 1)","(1, 1)"
,,,
Lunda,"(1, 1)","(1, 1)","(1, 1)"
,,,
Luvale,"(1, 1)","(0, 0)","(1, 1)"
,,,
Makonde,"(1, 1)","(0, 0)","(0, 0)"
,,,
Masaaba,"(1, 1)","(1, 1)","(1, 0)"
,,,
Mbala,"(1, 1)","(1, 0)","(0, 1)"
,,,
Mbere,"(1, 1)","(0, 0)","(0, 1)"
,,,
Mbuun,"(0, 1)","(1, 0)","(0, 1)"
,,,
Meru,"(1, 1)","(1, 1)","(1, 1)"
,,,
Meta,"(1, 0)","(0, 0)","(0, 0)"
,,,
Mokpwe,"(1, 1)","(1, 0)","(0, 0)"
,,,
Mongo,"(1, 1)","(1, 1)","(1, 1)"
,,,
Amazulu_(Amazulu_Kafir),"(1, 1)","(1, 0)","(1, 1)"
,,,
Mungaka,"(0, 1)","(1, 1)","(0, 1)"
,,,
Myene,"(1, 1)","(1, 0)","(1, 1)"
,,,
Ndumu,"(0, 1)","(0, 0)","(0, 1)"
,,,
Ngombe_Binja,"(0, 0)","(0, 0)","(0, 0)"
,,,
Ngoni,"(0, 0)","(0, 0)","(0, 0)"
,,,
Ngulu,"(1, 1)","(1, 1)","(0, 0)"
,,,
Njebi,"(1, 1)","(0, 0)","(0, 1)"
,,,
Nsong,"(0, 1)","(1, 0)","(0, 1)"
,,,
Nyakyusa,"(1, 1)","(1, 1)","(1, 1)"
,,,
Nyoro,"(1, 1)","(1, 0)","(1, 1)"
,,,
Oroko,"(0, 0)","(0, 0)","(0, 0)"
,,,
Phende,"(0, 1)","(1, 0)","(0, 1)"
,,,
Pinji,"(0, 1)","(0, 0)","(0, 1)"
,,,
Pokomo,"(0, 1)","(0, 0)","(0, 0)"
,,,
Punu,"(0, 1)","(0, 0)","(0, 1)"
,,,
Rundi,"(1, 1)","(1, 0)","(1, 1)"
,,,
Sakata,"(0, 0)","(1, 0)","(0, 0)"
,,,
Sake,"(1, 1)","(0, 0)","(0, 1)"
,,,
Sango,"(1, 0)","(0, 0)","(0, 0)"
,,,
Sangu,"(0, 1)","(0, 0)","(0, 1)"
,,,
Sangu_Tanzania_,"(1, 1)","(1, 0)","(1, 1)"
,,,
San_Salvador_Kongo,"(0, 0)","(1, 1)","(0, 0)"
,,,
Seki,"(1, 1)","(0, 0)","(0, 1)"
,,,
Shi,"(1, 1)","(1, 0)","(0, 1)"
,,,
Shona,"(0, 0)","(0, 0)","(0, 0)"
,,,
Sira,"(0, 1)","(0, 0)","(0, 1)"
,,,
Soga,"(1, 1)","(1, 1)","(0, 1)"
,,,
Songoora,"(1, 1)","(1, 0)","(0, 0)"
,,,
Sukuma,"(1, 1)","(1, 0)","(0, 1)"
,,,
Suku,"(1, 1)","(1, 1)","(0, 1)"
,,,
Sumbwa,"(1, 0)","(0, 0)","(0, 0)"
,,,
Suundi,"(1, 0)","(0, 0)","(0, 0)"
,,,
Taabwa,"(1, 1)","(1, 0)","(0, 0)"
,,,
Temi,"(0, 0)","(1, 0)","(0, 0)"
,,,
Tetela,"(0, 1)","(1, 0)","(0, 1)"
,,,
Tiv,"(0, 1)","(1, 0)","(0, 0)"
,,,
Tonga_Nyasa_,"(0, 1)","(1, 0)","(0, 0)"
,,,
Tooro,"(1, 1)","(0, 0)","(1, 1)"
,,,
Tsaangi,"(0, 1)","(0, 0)","(0, 0)"
,,,
Tsogo,"(1, 1)","(0, 0)","(0, 1)"
,,,
Tsonga,"(1, 1)","(1, 1)","(1, 1)"
,,,
Tswana,"(0, 1)","(1, 1)","(0, 1)"
,,,
Umbundu,"(0, 1)","(1, 0)","(0, 0)"
,,,
Venda,"(0, 1)","(1, 1)","(0, 1)"
,,,
Vili,"(0, 1)","(0, 0)","(0, 0)"
,,,
Yaka_CAR_,"(1, 1)","(0, 1)","(0, 1)"
,,,
Yaka_Pelende_Lonzo,"(1, 1)","(0, 0)","(1, 0)"
,,,
Yansi,"(0, 1)","(1, 0)","(0, 0)"
,,,
Yao,"(1, 0)","(1, 0)","(0, 0)"
,,,
Yombe,"(1, 1)","(1, 1)","(1, 1)"
,,,
Zigula,"(0, 1)","(1, 1)","(0, 1)"
,,,
Zinza,"(1, 1)","(0, 0)","(0, 0)"
,,,
Zulu,"(1, 1)","(0, 0)","(1, 1)"
,,,
Erzya,"(1, 1)","(1, 0)","(0, 0)"
,,,
Estonian,"(1, 1)","(0, 0)","(1, 1)"
,,,
Finnic,"(1, 1)","(1, 0)","(0, 0)"
,,,
Finnish,"(1, 1)","(0, 0)","(0, 0)"
,,,
Ingrian,"(1, 1)","(0, 0)","(0, 0)"
,,,
Kazym_Berezover_Suryskarer_Khanty,"(1, 1)","(1, 0)","(0, 1)"
,,,
kinura_ForestEnets,"(1, 1)","(1, 1)","(0, 0)"
,,,
kinura_HillMari,"(1, 1)","(1, 1)","(0, 1)"
,,,
kinura_Livonian,"(0, 0)","(0, 0)","(0, 0)"
,,,
kinura_MokshaMordvin,"(1, 1)","(1, 1)","(0, 0)"
,,,
kinura_Nganasan,"(1, 1)","(1, 1)","(0, 1)"
,,,
kinura_NorthSaami,"(1, 1)","(1, 1)","(0, 1)"
,,,
kinura_SkoltSaami,"(1, 1)","(0, 1)","(0, 1)"
,,,
kinura_SouthSaami,"(1, 1)","(1, 1)","(0, 1)"
,,,
Komi_Zyrian,"(1, 1)","(1, 0)","(0, 1)"
,,,
Magyar,"(1, 1)","(1, 0)","(0, 1)"
,,,
Mansi,"(1, 1)","(1, 0)","(0, 1)"
,,,
Mari,"(1, 1)","(1, 0)","(1, 0)"
,,,
Northern_Sami,"(1, 1)","(1, 1)","(0, 1)"
,,,
Selkup,"(1, 1)","(1, 0)","(0, 0)"
,,,
Tundra_Nenets,"(1, 1)","(1, 0)","(0, 1)"
,,,
Udmurt,"(1, 1)","(1, 1)","(1, 1)"
,,,
Veps,"(1, 1)","(0, 0)","(0, 0)"
,,,
Ache╠ü,"(1, 1)","(0, 0)","(0, 0)"
,,,
Anambe╠ü,"(1, 0)","(1, 0)","(0, 0)"
,,,
Arawete╠ü,"(1, 1)","(1, 0)","(1, 1)"
,,,
Ava╠ü_Canoeiro,"(0, 0)","(0, 0)","(0, 0)"
,,,
Aweti╠ü,"(1, 1)","(0, 0)","(0, 1)"
,,,
Chiriguano,"(1, 1)","(1, 0)","(0, 1)"
,,,
Cinta_Larga,"(1, 1)","(0, 0)","(0, 1)"
,,,
Cocama_Cocamilla,"(1, 1)","(0, 0)","(0, 0)"
,,,
Emerillon,"(0, 1)","(0, 0)","(0, 1)"
,,,
Guaja╠ü,"(1, 1)","(0, 0)","(1, 1)"
,,,
Guarayu,"(1, 1)","(1, 0)","(0, 1)"
,,,
Juru╠üna,"(1, 1)","(1, 0)","(1, 1)"
,,,
Kaiwa╠ü,"(1, 1)","(1, 0)","(1, 1)"
,,,
Kamayura╠ü,"(1, 1)","(0, 0)","(0, 1)"
,,,
Karitiana,"(1, 1)","(0, 0)","(0, 0)"
,,,
Kayabi╠ü,"(1, 1)","(0, 0)","(0, 1)"
,,,
Mbya╠ü_Guarani╠ü,"(0, 1)","(0, 1)","(0, 1)"
,,,
Munduruku╠ü,"(1, 1)","(1, 0)","(0, 1)"
,,,
Paraguayan_Guarani╠ü,"(1, 1)","(1, 1)","(0, 1)"
,,,
Parakana╠â,"(1, 1)","(1, 0)","(1, 1)"
,,,
Pauserna,"(1, 1)","(0, 0)","(0, 1)"
,,,
Proto_Tupi_Guarani,"(1, 1)","(0, 0)","(0, 1)"
,,,
Satere╠ü_Mawe╠ü,"(1, 1)","(1, 0)","(1, 0)"
,,,
Siriono╠ü,"(1, 1)","(0, 0)","(1, 1)"
,,,
Surui╠ü,"(1, 1)","(0, 0)","(0, 1)"
,,,
Tapirape╠ü,"(1, 1)","(0, 0)","(0, 1)"
,,,
Tembe╠ü,"(1, 1)","(0, 0)","(0, 1)"
,,,
Tenharim,"(1, 1)","(1, 0)","(1, 1)"
,,,
Tocantins_Asurini,"(1, 1)","(0, 0)","(1, 1)"
,,,
Tupinamba╠ü,"(1, 1)","(1, 0)","(0, 0)"
,,,
Tupi╠ü,"(1, 1)","(0, 0)","(0, 1)"
,,,
Wayampi,"(1, 1)","(1, 0)","(0, 1)"
LANGUAGE,GENDER SYMMETRY,AGE SYMMETRY,LINEAGE SYMMETRY
LANGUAGE,GENDER SYMMETRY,AGE SYMMETRY,LINEAGE SYMMETRY
LANGUAGE,GENDER SYMMETRY,AGE SYMMETRY,LINEAGE SYMMETRY
LANGUAGE,GENDER SYMMETRY,AGE SYMMETRY,LINEAGE SYMMETRY
LANGUAGE,GENDER SYMMETRY,AGE SYMMETRY,LINEAGE SYMMETRY
LANGUAGE,GENERATION,GENDER
LANGUAGE,GENERATION,GENDER
